{"type":"FeatureCollection","features":[{"type":"Feature","geometry":{"type":"Polygon","coordinates":[[[13.045672700000003,52.4010618],[13.0464386,52.4029746],[13.0670899,52.4057179],[13.072817200000001,52.4129208],[13.08835,52.41964],[13.0908966,52.4117436],[13.074402,52.4006522],[13.0711464,52.396099],[13.0521006,52.3881158],[13.0457735,52.3917394],[13.045672700000003,52.4010618]]]},"properties":{"plz":"14467","note":"14467 Potsdam","qkm":4.043611,"einwohner":13081}},{"type":"Feature","geometry":{"type":"Polygon","coordinates":[[[12.9461387,52.446187],[12.951832,52.4527745],[12.9804553,52.4516772],[13.0560237,52.4353086],[13.0521248,52.4410984],[13.064129400000002,52.4467787],[13.0676838,52.444007500000005],[13.0996237,52.4536928],[13.1093163,52.4507088],[13.1231211,52.439615],[13.1045678,52.4239826],[13.0993138,52.4253441],[13.08835,52.41964],[13.072817200000001,52.4129208],[13.0670899,52.4057179],[13.0464386,52.4029746],[13.045672700000003,52.4010618],[13.0355001,52.39695330000001],[13.0147426,52.3985134],[13.0153535,52.3924349],[13.0021164,52.3990091],[12.9971462,52.39946590000001],[12.9950903,52.3969623],[12.980064,52.3986076],[12.9894507,52.4184054],[12.978661000000002,52.4214332],[12.9748406,52.42689130000001],[12.9674004,52.4274688],[12.9598333,52.4240211],[12.9500008,52.4277238],[12.9474231,52.4128935],[12.9365471,52.4143744],[12.936020100000002,52.4274478],[12.9397609,52.4329136],[12.9482956,52.4346243],[12.9461387,52.446187]]]},"properties":{"plz":"14469","note":"14469 Potsdam","qkm":47.616583,"einwohner":24882}},{"type":"Feature","geometry":{"type":"Polygon","coordinates":[[[12.9744481,52.3903621],[12.9765088,52.3924038],[12.9835278,52.3914451],[12.9851528,52.3953216],[12.980064,52.3986076],[12.9950903,52.3969623],[12.9971462,52.39946590000001],[13.0021164,52.3990091],[13.0153535,52.3924349],[13.0147426,52.3985134],[13.0355001,52.39695330000001],[13.045672700000003,52.4010618],[13.0457735,52.3917394],[13.0262133,52.3821241],[13.0239313,52.3766375],[13.0302286,52.3758161],[13.021715700000001,52.3676568],[13.017556000000003,52.36934],[13.0210383,52.3671365],[13.0080147,52.3560059],[12.9919745,52.3671367],[12.9834535,52.364816],[12.9712508,52.373696],[12.9819833,52.3856109],[12.9744481,52.3903621]]]},"properties":{"plz":"14471","note":"14471 Potsdam","qkm":14.063493,"einwohner":17443}},{"type":"Feature","geometry":{"type":"Polygon","coordinates":[[[13.0080147,52.3560059],[13.0210383,52.3671365],[13.017556000000003,52.36934],[13.021715700000001,52.3676568],[13.0302286,52.3758161],[13.0239313,52.3766375],[13.0262133,52.3821241],[13.0457735,52.3917394],[13.0521006,52.3881158],[13.0711464,52.396099],[13.074402,52.4006522],[13.0829532,52.3955613],[13.0806501,52.3905618],[13.091511100000002,52.3835493],[13.0879604,52.3837685],[13.0888211,52.3816302],[13.0784901,52.3760073],[13.080484700000001,52.3720106],[13.0676697,52.3552244],[13.052166,52.3577493],[13.0482155,52.3543112],[13.0607106,52.3485102],[13.0555363,52.3439423],[13.0471899,52.3433031],[13.0455036,52.3456473],[13.0440259,52.3420411],[13.031065,52.3473872],[13.0223401,52.34688],[13.0080147,52.3560059]]]},"properties":{"plz":"14473","note":"14473 Potsdam","qkm":18.900963,"einwohner":11335}},{"type":"Feature","geometry":{"type":"MultiPolygon","coordinates":[[[[12.9365471,52.4143744],[12.9474231,52.4128935],[12.9500008,52.4277238],[12.9598333,52.4240211],[12.9674004,52.4274688],[12.9748406,52.42689130000001],[12.978661000000002,52.4214332],[12.9894507,52.4184054],[12.980064,52.3986076],[12.9851528,52.3953216],[12.9835278,52.3914451],[12.9765088,52.3924038],[12.9744481,52.3903621],[12.9653593,52.3845072],[12.9497837,52.392882500000006],[12.93517,52.3924847],[12.9365471,52.4143744]]],[[[12.9471305,52.5042718],[12.952928100000001,52.5024595],[12.959935000000002,52.5059592],[12.9949001,52.5098904],[12.9946693,52.5127076],[13.0041459,52.51468760000001],[13.0221952,52.4959078],[13.019960800000002,52.4930381],[13.0290826,52.4816986],[13.0315019,52.4797537],[13.0406592,52.480749],[13.0448516,52.4688938],[13.058725800000001,52.4632446],[13.0593226,52.4593111],[13.0710213,52.460177],[13.0958287,52.4685606],[13.0980451,52.4942851],[13.1200896,52.4907538],[13.138918300000002,52.5024506],[13.1572153,52.5016238],[13.1283335,52.4798205],[13.1176933,52.47732030000001],[13.1105565,52.4656575],[13.112674200000003,52.45769430000001],[13.1093163,52.4507088],[13.0996237,52.4536928],[13.0676838,52.444007500000005],[13.064129400000002,52.4467787],[13.0521248,52.4410984],[13.0560237,52.4353086],[12.9804553,52.4516772],[12.951832,52.4527745],[12.9461387,52.446187],[12.9426368,52.4496321],[12.9454052,52.4523374],[12.9282691,52.4574242],[12.8942936,52.4605516],[12.8867757,52.4633388],[12.8933763,52.4677273],[12.917322,52.4743757],[12.9175485,52.4823972],[12.9330012,52.4868463],[12.9356877,52.5007771],[12.9471305,52.5042718]]]]},"properties":{"plz":"14476","note":"14476 Potsdam","qkm":78.211644,"einwohner":13590}},{"type":"Feature","geometry":{"type":"Polygon","coordinates":[[[13.0676697,52.3552244],[13.080484700000001,52.3720106],[13.0784901,52.3760073],[13.0888211,52.3816302],[13.0879604,52.3837685],[13.091511100000002,52.3835493],[13.1100889,52.3703857],[13.1201465,52.3562495],[13.1060505,52.3551565],[13.102406500000003,52.3592118],[13.1041259,52.3647683],[13.0939881,52.35421360000001],[13.0805055,52.3563783],[13.067275,52.3492626],[13.0627689,52.3509272],[13.0676697,52.3552244]]]},"properties":{"plz":"14478","note":"14478 Potsdam","qkm":6.517959,"einwohner":24831}},{"type":"Feature","geometry":{"type":"Polygon","coordinates":[[[13.1100889,52.3703857],[13.1281781,52.3887575],[13.1331808,52.3873046],[13.1303736,52.3903662],[13.1418185,52.3970996],[13.1682033,52.3943931],[13.1558736,52.3890952],[13.1464666,52.3802828],[13.149629300000003,52.379569],[13.1494767,52.369790300000005],[13.1470604,52.3615404],[13.140446,52.3614324],[13.1404726,52.3529872],[13.1358517,52.35495160000001],[13.1366161,52.35120150000001],[13.125585100000002,52.349946900000006],[13.1201465,52.3562495],[13.1100889,52.3703857]]]},"properties":{"plz":"14480","note":"14480 Potsdam","qkm":9.513579,"einwohner":28567}},{"type":"Feature","geometry":{"type":"Polygon","coordinates":[[[13.074402,52.4006522],[13.0908966,52.4117436],[13.097392100000002,52.40942],[13.0964503,52.4130889],[13.1008591,52.4137605],[13.1010028,52.4105389],[13.106186800000001,52.40956210000001],[13.1096241,52.412941100000005],[13.111797500000002,52.4104799],[13.106382700000001,52.40869],[13.1247813,52.3968694],[13.1335094,52.3993665],[13.1381026,52.3978562],[13.130167400000001,52.3904968],[13.1272197,52.3916659],[13.1281781,52.3887575],[13.1100889,52.3703857],[13.091511100000002,52.3835493],[13.0806501,52.3905618],[13.0829532,52.3955613],[13.074402,52.4006522]]]},"properties":{"plz":"14482","note":"14482 Potsdam","qkm":9.744451,"einwohner":22178}},{"type":"Feature","geometry":{"type":"Polygon","coordinates":[[[13.2497254,52.4049566],[13.2583918,52.4063652],[13.2689845,52.4042061],[13.275790300000002,52.4051497],[13.2967545,52.4162498],[13.3120822,52.3991392],[13.3096814,52.3855119],[13.306063700000001,52.3816742],[13.2956567,52.3807181],[13.2913732,52.3691013],[13.2750788,52.355353],[13.2512977,52.3500011],[13.2458874,52.3683037],[13.2522818,52.3748148],[13.244921800000002,52.3916972],[13.2331969,52.3991445],[13.2393589,52.4033956],[13.2497254,52.4049566]]]},"properties":{"plz":"14513","note":"14513 Teltow","qkm":21.755123,"einwohner":22479}},{"type":"Feature","geometry":{"type":"Polygon","coordinates":[[[13.1682033,52.3943931],[13.1710838,52.39777490000001],[13.1578378,52.3962891],[13.1593384,52.4028733],[13.1972449,52.4155343],[13.2182247,52.4193458],[13.2251885,52.420901],[13.2459469,52.421126],[13.2497254,52.4049566],[13.2393589,52.4033956],[13.2331969,52.3991445],[13.244921800000002,52.3916972],[13.2522818,52.3748148],[13.2458874,52.3683037],[13.2512977,52.3500011],[13.2543053,52.3476174],[13.2529479,52.3320381],[13.2228334,52.323738500000005],[13.2012901,52.3290499],[13.1948878,52.32833],[13.182925000000001,52.3246729],[13.1822669,52.3208458],[13.1716985,52.319316],[13.169949100000002,52.3260368],[13.1744782,52.328754],[13.1662508,52.3340759],[13.1692015,52.3363599],[13.1648458,52.33753380000001],[13.163775100000002,52.341785],[13.1692916,52.346187],[13.1404726,52.3529872],[13.140446,52.3614324],[13.1470604,52.3615404],[13.1494767,52.369790300000005],[13.149629300000003,52.379569],[13.1464666,52.3802828],[13.1558736,52.3890952],[13.1682033,52.3943931]]]},"properties":{"plz":"14532","note":"14532 Kleinmachnow","qkm":61.417788,"einwohner":34036}},{"type":"Feature","geometry":{"type":"Polygon","coordinates":[[[12.863929,52.4598114],[12.8743425,52.4541732],[12.8849709,52.4541462],[12.891717,52.4503127],[12.8942936,52.4605516],[12.9282691,52.4574242],[12.9454052,52.4523374],[12.9426368,52.4496321],[12.9461387,52.446187],[12.9482956,52.4346243],[12.9397609,52.4329136],[12.936020100000002,52.4274478],[12.9365471,52.4143744],[12.93517,52.3924847],[12.949669,52.383591],[12.9495831,52.3645567],[12.9673286,52.3545057],[12.968394400000001,52.3478629],[12.9582083,52.3421655],[12.953316,52.3310735],[12.9427055,52.3242224],[12.9301743,52.3299669],[12.914314400000002,52.3257989],[12.9101166,52.3414509],[12.8810775,52.33847],[12.8821298,52.3318406],[12.856964900000001,52.3332971],[12.8565358,52.3298878],[12.8657196,52.3236193],[12.8556774,52.3243537],[12.852373,52.3033652],[12.8536592,52.2990301],[12.8225026,52.3008409],[12.8182846,52.3078671],[12.827867,52.3228012],[12.8208095,52.3556344],[12.8247642,52.3766065],[12.8044459,52.3789983],[12.803210000000002,52.3844195],[12.8128967,52.4031495],[12.8106887,52.4130245],[12.8555689,52.4043941],[12.8569815,52.4089578],[12.8530612,52.4121947],[12.8563414,52.4167241],[12.8548822,52.42481130000001],[12.848917000000002,52.4262768],[12.8517065,52.428161],[12.8485308,52.4448006],[12.849432,52.4475994],[12.8643665,52.453039600000004],[12.863929,52.4598114]]]},"properties":{"plz":"14542","note":"14542 Werder/ Havel","qkm":116.775473,"einwohner":23251}},{"type":"Feature","geometry":{"type":"Polygon","coordinates":[[[12.7801378,52.2689674],[12.7884634,52.2897622],[12.8225026,52.3008409],[12.8536592,52.2990301],[12.852373,52.3033652],[12.8580092,52.2994487],[12.8809024,52.2999093],[12.8970249,52.296562],[12.9105636,52.2744666],[12.9530745,52.2882696],[12.9594529,52.2676543],[12.9788721,52.2653825],[12.9975052,52.2575715],[13.0444542,52.2546656],[13.043605900000001,52.2404138],[13.0713833,52.2423268],[13.0730593,52.2269143],[13.1019548,52.225479500000006],[13.082672800000001,52.1965403],[13.0586316,52.18490100000001],[13.060013500000002,52.1816353],[13.0492832,52.1798045],[13.026818,52.1694141],[13.0249362,52.1708885],[13.0098495,52.1664419],[12.9859457,52.164494],[12.9553236,52.1694949],[12.9543103,52.1658933],[12.9477818,52.1652412],[12.9540605,52.1601708],[12.9509821,52.1446807],[12.9180098,52.1411865],[12.9153571,52.1512743],[12.909924,52.1521169],[12.9088018,52.1605487],[12.9032273,52.1606231],[12.9021358,52.187528300000004],[12.8859954,52.1914859],[12.8891518,52.1950525],[12.8793736,52.1983166],[12.8830568,52.2058136],[12.8695476,52.223214],[12.8863477,52.2267413],[12.8860214,52.2302134],[12.8809459,52.2329734],[12.8731554,52.2315938],[12.8706148,52.2376121],[12.8627827,52.2342874],[12.8594682,52.24163570000001],[12.845755,52.2482056],[12.8505074,52.2512062],[12.8461579,52.261199600000005],[12.8376129,52.2610484],[12.835922,52.2762565],[12.8297797,52.2764313],[12.828793600000001,52.2615892],[12.8175169,52.2626532],[12.8156037,52.2665958],[12.8126147,52.2642791],[12.7801378,52.2689674]]]},"properties":{"plz":"14547","note":"14547 Beelitz","qkm":181.372482,"einwohner":11763}},{"type":"Feature","geometry":{"type":"Polygon","coordinates":[[[12.93517,52.3924847],[12.9497837,52.392882500000006],[12.9653593,52.3845072],[12.9744481,52.3903621],[12.9819833,52.3856109],[12.9712508,52.373696],[12.9834535,52.364816],[12.9919745,52.3671367],[13.0080147,52.3560059],[13.0223401,52.34688],[12.9875235,52.3147879],[12.9762419,52.3192023],[12.968115,52.3118167],[12.96701,52.3099932],[12.977739,52.305847],[12.9656756,52.2947232],[12.9601181,52.2964555],[12.9530745,52.2882696],[12.9105636,52.2744666],[12.8970249,52.296562],[12.8809024,52.2999093],[12.8580092,52.2994487],[12.852373,52.3033652],[12.8556774,52.3243537],[12.8657196,52.3236193],[12.8565358,52.3298878],[12.856964900000001,52.3332971],[12.8821298,52.3318406],[12.8810775,52.33847],[12.9101166,52.3414509],[12.914314400000002,52.3257989],[12.9301743,52.3299669],[12.9427055,52.3242224],[12.953316,52.3310735],[12.9582083,52.3421655],[12.968394400000001,52.3478629],[12.9673286,52.3545057],[12.9495831,52.3645567],[12.949669,52.383591],[12.93517,52.3924847]]]},"properties":{"plz":"14548","note":"14548 Schwielowswee","qkm":58.595479,"einwohner":10008}},{"type":"Feature","geometry":{"type":"Polygon","coordinates":[[[12.6556331,52.3913264],[12.6670702,52.4084873],[12.6834338,52.41045200000001],[12.6872211,52.4184043],[12.6752473,52.4270966],[12.6712158,52.4382683],[12.6863218,52.4431489],[12.6922465,52.4414364],[12.6938513,52.4447027],[12.7011278,52.4427705],[12.7043022,52.4457661],[12.7123724,52.4483922],[12.7200113,52.4472675],[12.7223717,52.4505108],[12.7346454,52.4520016],[12.7288519,52.4534662],[12.7307831,52.454773800000005],[12.745059,52.4586715],[12.7558908,52.4586663],[12.7652328,52.4663799],[12.7792168,52.4624514],[12.8124726,52.4657663],[12.809006,52.4726555],[12.8137113,52.47337650000001],[12.863929,52.4598114],[12.8643665,52.453039600000004],[12.849432,52.4475994],[12.8485308,52.4448006],[12.8517065,52.428161],[12.848917000000002,52.4262768],[12.8548822,52.42481130000001],[12.8563414,52.4167241],[12.8530612,52.4121947],[12.8569815,52.4089578],[12.8555689,52.4043941],[12.8106887,52.4130245],[12.8128967,52.4031495],[12.803210000000002,52.3844195],[12.8044459,52.3789983],[12.7952063,52.3620875],[12.7823831,52.3656275],[12.7839345,52.3681522],[12.773684100000002,52.3686003],[12.7714783,52.3659275],[12.7603825,52.3742088],[12.7603911,52.3815219],[12.7523724,52.3807831],[12.7468471,52.3843042],[12.7510507,52.3851673],[12.7485036,52.3884911],[12.7319383,52.3877984],[12.7251212,52.38389300000001],[12.7194242,52.3859806],[12.7105085,52.38144510000001],[12.7070037,52.3857484],[12.6947973,52.382915],[12.6911924,52.3853248],[12.6779362,52.37960120000001],[12.6775864,52.3828534],[12.6628683,52.3791428],[12.6582335,52.3794571],[12.661495,52.3862678],[12.6556331,52.3913264]]]},"properties":{"plz":"14550","note":"14550 Gro\u00df Kreutz","qkm":99.301821,"einwohner":8164}},{"type":"Feature","geometry":{"type":"Polygon","coordinates":[[[13.0223401,52.34688],[13.031065,52.3473872],[13.0440259,52.3420411],[13.0455036,52.3456473],[13.0471899,52.3433031],[13.0555363,52.3439423],[13.0607106,52.3485102],[13.0857446,52.3399309],[13.0799081,52.3361812],[13.0822255,52.3334803],[13.0888522,52.3330737],[13.0936251,52.3229639],[13.1026708,52.3237557],[13.1034953,52.3208466],[13.107649000000002,52.3210539],[13.1072199,52.3172502],[13.0929291,52.3133412],[13.089983900000002,52.3000384],[13.1065761,52.2914025],[13.1126272,52.2924524],[13.1124985,52.2867037],[13.099666800000001,52.2837109],[13.1032717,52.2754402],[13.1100382,52.2746271],[13.1143009,52.2692165],[13.1107389,52.2649356],[13.1146698,52.2555547],[13.1143447,52.2549464],[13.1103172,52.2477815],[13.1053422,52.2436819],[13.1136502,52.2367506],[13.112707300000002,52.2321858],[13.1019548,52.225479500000006],[13.0730593,52.2269143],[13.0713833,52.2423268],[13.043605900000001,52.2404138],[13.0444542,52.2546656],[13.0560215,52.2579333],[13.0559786,52.2609278],[13.0653341,52.2667587],[13.0542324,52.27278410000001],[13.0539765,52.277842],[13.061042600000002,52.2794685],[13.0561279,52.2805026],[13.0446489,52.2763701],[13.0222042,52.2765014],[13.0175694,52.2899434],[13.001047,52.2965841],[13.0063235,52.3029103],[12.9972181,52.2981071],[12.977739,52.305847],[12.96701,52.3099932],[12.968115,52.3118167],[12.9762419,52.3192023],[12.9875235,52.3147879],[13.0223401,52.34688]]]},"properties":{"plz":"14552","note":"14552 Michendorf","qkm":68.857196,"einwohner":11686}},{"type":"Feature","geometry":{"type":"Polygon","coordinates":[[[12.9530745,52.2882696],[12.9601181,52.2964555],[12.9656756,52.2947232],[12.977739,52.305847],[12.9972181,52.2981071],[13.0063235,52.3029103],[13.001047,52.2965841],[13.0175694,52.2899434],[13.0222042,52.2765014],[13.0446489,52.2763701],[13.0561279,52.2805026],[13.061042600000002,52.2794685],[13.0539765,52.277842],[13.0542324,52.27278410000001],[13.0653341,52.2667587],[13.0559786,52.2609278],[13.0560215,52.2579333],[13.0444542,52.2546656],[12.9975052,52.2575715],[12.9788721,52.2653825],[12.9594529,52.2676543],[12.9530745,52.2882696]]]},"properties":{"plz":"14554","note":"14554 Seddinger See","qkm":23.912074,"einwohner":3946}},{"type":"Feature","geometry":{"type":"MultiPolygon","coordinates":[[[[13.1103172,52.2477815],[13.1143447,52.2549464],[13.1162534,52.2521977],[13.1103172,52.2477815]]],[[[13.0676697,52.3552244],[13.0627689,52.3509272],[13.067275,52.3492626],[13.0805055,52.3563783],[13.0939881,52.35421360000001],[13.1041259,52.3647683],[13.102406500000003,52.3592118],[13.1060505,52.3551565],[13.1201465,52.3562495],[13.125585100000002,52.349946900000006],[13.1366161,52.35120150000001],[13.1358517,52.35495160000001],[13.1404726,52.3529872],[13.1692916,52.346187],[13.163775100000002,52.341785],[13.1648458,52.33753380000001],[13.1692015,52.3363599],[13.1662508,52.3340759],[13.1744782,52.328754],[13.169949100000002,52.3260368],[13.1716985,52.319316],[13.1681661,52.3166451],[13.1646866,52.3179609],[13.1613583,52.311004],[13.1764756,52.3020371],[13.1723489,52.2981172],[13.163629,52.2994422],[13.1489886,52.2950122],[13.1428259,52.3005661],[13.1430873,52.297621],[13.1375152,52.2956382],[13.1432875,52.28977090000001],[13.1524071,52.2888891],[13.1553208,52.281337],[13.1628418,52.2773235],[13.1547682,52.2693313],[13.1405355,52.2633199],[13.1342684,52.2632468],[13.125035,52.2558886],[13.1188442,52.2575214],[13.1146698,52.2555547],[13.1107389,52.2649356],[13.1143009,52.2692165],[13.1100382,52.2746271],[13.1032717,52.2754402],[13.099666800000001,52.2837109],[13.1124985,52.2867037],[13.1126272,52.2924524],[13.1065761,52.2914025],[13.089983900000002,52.3000384],[13.0929291,52.3133412],[13.1072199,52.3172502],[13.107649000000002,52.3210539],[13.1034953,52.3208466],[13.1026708,52.3237557],[13.0936251,52.3229639],[13.0888522,52.3330737],[13.0822255,52.3334803],[13.0799081,52.3361812],[13.0857446,52.3399309],[13.0607106,52.3485102],[13.0482155,52.3543112],[13.052166,52.3577493],[13.0676697,52.3552244]]]]},"properties":{"plz":"14558","note":"14558 Nuthetal","qkm":47.87354,"einwohner":8601}},{"type":"Feature","geometry":{"type":"Polygon","coordinates":[[[13.0003014,52.5674908],[13.0133095,52.5680502],[13.0159081,52.5728916],[13.0244269,52.5671255],[13.0348065,52.5677291],[13.0316503,52.5709487],[13.0361975,52.5753555],[13.034225200000002,52.5819805],[13.0285156,52.5877158],[13.0493725,52.5953546],[13.0280811,52.6085823],[13.0182505,52.6080247],[13.0057276,52.6127649],[13.0267874,52.6121557],[13.063836800000002,52.603775],[13.0700596,52.6059382],[13.077956,52.6036447],[13.0825479,52.6058079],[13.0792729,52.6029039],[13.0848224,52.6045569],[13.0827625,52.6002823],[13.0867107,52.6025239],[13.0993285,52.5926084],[13.108580500000002,52.5937923],[13.1289664,52.5873021],[13.1279673,52.5831278],[13.1324764,52.5796054],[13.1512508,52.5822102],[13.1523786,52.5704508],[13.1442377,52.552112],[13.1305028,52.5560229],[13.1249647,52.5437922],[13.115762,52.5470893],[13.06459,52.55014],[13.061800500000002,52.5532178],[13.051085,52.5504668],[13.047926700000001,52.55354700000001],[13.0311521,52.555390300000006],[13.029322,52.5582778],[13.0262346,52.5542666],[13.0128955,52.5558545],[13.0114534,52.5582788],[13.010983,52.5632223],[13.0003014,52.5674908]]]},"properties":{"plz":"14612","note":"14612 Falkensee","qkm":43.238854,"einwohner":40188}},{"type":"Feature","geometry":{"type":"Polygon","coordinates":[[[12.9914573,52.6923614],[13.0226157,52.6893743],[13.0175483,52.6765077],[13.0294667,52.67884540000001],[13.0283511,52.6734066],[13.0254295,52.6759595],[13.013862500000002,52.67108780000001],[13.0471313,52.6685475],[13.0760257,52.6777527],[13.095679,52.6775716],[13.089701,52.6640424],[13.1120202,52.6380305],[13.1113513,52.634501900000004],[13.1171614,52.6347299],[13.1189433,52.631427300000006],[13.1374874,52.6318164],[13.1469351,52.6280699],[13.1564286,52.628394],[13.1593634,52.6170263],[13.1517197,52.6116098],[13.1475213,52.6127047],[13.1478174,52.6082182],[13.155262300000002,52.6068511],[13.1532971,52.6006453],[13.165952800000001,52.6038033],[13.1645275,52.5987932],[13.1570566,52.5976259],[13.1433431,52.5896478],[13.1289664,52.5873021],[13.108580500000002,52.5937923],[13.0993285,52.5926084],[13.0867107,52.6025239],[13.0827625,52.6002823],[13.0848224,52.6045569],[13.0792729,52.6029039],[13.0825479,52.6058079],[13.077956,52.6036447],[13.0700596,52.6059382],[13.063836800000002,52.603775],[13.0267874,52.6121557],[13.0057276,52.6127649],[13.0060335,52.62423350000001],[13.0014974,52.6263501],[13.0139128,52.6291387],[13.012003,52.631074],[13.003074500000002,52.6315963],[12.9995662,52.6345356],[12.9804646,52.6284862],[12.9796427,52.6340433],[12.9716461,52.6391922],[12.944865,52.6362147],[12.9343535,52.6385016],[12.9190956,52.649838300000006],[12.9044332,52.6554067],[12.9029894,52.65345560000001],[12.901341,52.657693],[12.9158625,52.6617037],[12.907345,52.6664513],[12.923749200000001,52.6705034],[12.9325749,52.6688543],[12.9284983,52.665068600000005],[12.9377405,52.6630968],[12.943671,52.6712347],[12.9600279,52.6783996],[12.9543442,52.6806916],[12.960172,52.690476100000005],[12.9914573,52.6923614]]]},"properties":{"plz":"14621","note":"14621 Sch\u00f6nwalde","qkm":97.294389,"einwohner":8836}},{"type":"Feature","geometry":{"type":"Polygon","coordinates":[[[13.0114534,52.5582788],[13.0128955,52.5558545],[13.0262346,52.5542666],[13.029322,52.5582778],[13.0311521,52.555390300000006],[13.047926700000001,52.55354700000001],[13.051085,52.5504668],[13.061800500000002,52.5532178],[13.06459,52.55014],[13.115762,52.5470893],[13.1249647,52.5437922],[13.1173933,52.5170335],[13.1431382,52.5196141],[13.1686315,52.5092535],[13.1572153,52.5016238],[13.138918300000002,52.5024506],[13.1200896,52.4907538],[13.0980451,52.4942851],[13.0958287,52.4685606],[13.0710213,52.460177],[13.0593226,52.4593111],[13.058725800000001,52.4632446],[13.0448516,52.4688938],[13.0406592,52.480749],[13.0315019,52.4797537],[13.0290826,52.4816986],[13.019960800000002,52.4930381],[13.0221952,52.4959078],[13.0041459,52.51468760000001],[12.9946693,52.5127076],[12.9920586,52.5132413],[12.9995258,52.5168975],[13.013494800000002,52.5195481],[13.0186017,52.5368972],[13.0150968,52.5415557],[13.019076,52.5461651],[13.0119314,52.5469993],[13.015205200000002,52.5525427],[13.009309,52.5526139],[13.0075907,52.5562922],[13.0114534,52.5582788]]]},"properties":{"plz":"14624","note":"14624 Dallgow-D\u00f6beritz","qkm":66.505977,"einwohner":8650}},{"type":"Feature","geometry":{"type":"Polygon","coordinates":[[[12.6291904,52.62460240000001],[12.6331357,52.6430764],[12.6410549,52.6420749],[12.6388233,52.64572050000001],[12.6503247,52.6528544],[12.6554745,52.6647765],[12.670877,52.6721203],[12.6849638,52.6882088],[12.6913045,52.6883482],[12.6876194,52.6965998],[12.6953858,52.6981826],[12.7040026,52.694833],[12.7342228,52.7038944],[12.7405692,52.70316],[12.7641369,52.6973489],[12.76607,52.6945628],[12.7875401,52.691337],[12.8356807,52.6810392],[12.840728000000002,52.6822989],[12.837133000000001,52.6864083],[12.8517199,52.6907231],[12.8469526,52.6942136],[12.8601918,52.6976851],[12.8548485,52.7018165],[12.8721325,52.7090341],[12.9238826,52.7191155],[12.9284652,52.7253751],[12.9624873,52.7192254],[12.963902,52.7138317],[12.973273,52.71044930000001],[12.974806800000001,52.7119878],[12.969434600000001,52.7009697],[12.984104,52.7013383],[12.9955878,52.6976849],[12.9914573,52.6923614],[12.960172,52.690476100000005],[12.9543442,52.6806916],[12.9600279,52.6783996],[12.943671,52.6712347],[12.9377405,52.6630968],[12.9284983,52.665068600000005],[12.9325749,52.6688543],[12.923749200000001,52.6705034],[12.907345,52.6664513],[12.9158625,52.6617037],[12.901341,52.657693],[12.9029894,52.65345560000001],[12.9044332,52.6554067],[12.9190956,52.649838300000006],[12.9343535,52.6385016],[12.944865,52.6362147],[12.9716461,52.6391922],[12.9796427,52.6340433],[12.9804646,52.6284862],[12.9995662,52.6345356],[13.003074500000002,52.6315963],[13.012003,52.631074],[13.0139128,52.6291387],[13.0014974,52.6263501],[13.0060335,52.62423350000001],[13.0057276,52.6127649],[12.9879606,52.6122177],[12.967369,52.615503],[12.9581412,52.6149082],[12.9514397,52.610263200000006],[12.9395092,52.6117486],[12.9316128,52.6097942],[12.9242349,52.6100361],[12.9248249,52.6126901],[12.9210377,52.6130159],[12.9202006,52.6100587],[12.9115713,52.6101069],[12.9064644,52.602992],[12.8986449,52.5799596],[12.9054126,52.5766319],[12.9074514,52.5781721],[12.9264765,52.5597689],[12.9331039,52.5613119],[12.935593,52.55820730000001],[12.9463678,52.5643996],[12.9668354,52.5655903],[12.977696,52.5702166],[12.9889827,52.5676342],[12.998894700000001,52.5707777],[13.0003014,52.5674908],[13.010983,52.5632223],[13.0114534,52.5582788],[13.0075907,52.5562922],[13.009309,52.5526139],[13.015205200000002,52.5525427],[13.0119314,52.5469993],[13.019076,52.5461651],[13.0150968,52.5415557],[13.0186017,52.5368972],[13.013494800000002,52.5195481],[12.9995258,52.5168975],[12.9920586,52.5132413],[12.9946693,52.5127076],[12.9949001,52.5098904],[12.959935000000002,52.5059592],[12.952928100000001,52.5024595],[12.9471305,52.5042718],[12.9452638,52.5070534],[12.9334256,52.5018122],[12.917314100000002,52.50597820000001],[12.9047195,52.5058096],[12.9071861,52.5230193],[12.9134335,52.5267739],[12.9037185,52.5268287],[12.9031735,52.53335820000001],[12.8935594,52.5376803],[12.8922247,52.541743],[12.8778266,52.53834200000001],[12.8779713,52.5413202],[12.8436713,52.5490056],[12.835399300000002,52.558752],[12.8189248,52.5617054],[12.8050095,52.5589164],[12.7984921,52.5213748],[12.7670781,52.5164131],[12.7709405,52.5103539],[12.7781502,52.50706280000001],[12.7700822,52.5013158],[12.7497022,52.509771900000004],[12.7272604,52.5226209],[12.716209,52.5252599],[12.7222429,52.5319592],[12.7164578,52.5323361],[12.7181614,52.5390423],[12.7249574,52.5382725],[12.7249433,52.5419951],[12.7177943,52.5461115],[12.7127781,52.5443607],[12.6904026,52.55008420000001],[12.6677089,52.5565893],[12.652401,52.5645713],[12.66628,52.58641110000001],[12.6766011,52.587312],[12.6952446,52.5952721],[12.6558333,52.6195756],[12.6401669,52.613426200000006],[12.6316181,52.6155609],[12.622148,52.6141065],[12.6291904,52.62460240000001]]]},"properties":{"plz":"14641","note":"14641 Nauen","qkm":386.523475,"einwohner":26761}},{"type":"Feature","geometry":{"type":"Polygon","coordinates":[[[13.0057276,52.6127649],[13.0182505,52.6080247],[13.0280811,52.6085823],[13.0493725,52.5953546],[13.0285156,52.5877158],[13.034225200000002,52.5819805],[13.0361975,52.5753555],[13.0316503,52.5709487],[13.0348065,52.5677291],[13.0244269,52.5671255],[13.0159081,52.5728916],[13.0133095,52.5680502],[13.0003014,52.5674908],[12.998894700000001,52.5707777],[12.9889827,52.5676342],[12.977696,52.5702166],[12.9668354,52.5655903],[12.9463678,52.5643996],[12.935593,52.55820730000001],[12.9331039,52.5613119],[12.9264765,52.5597689],[12.9074514,52.5781721],[12.9054126,52.5766319],[12.8986449,52.5799596],[12.9064644,52.602992],[12.9115713,52.6101069],[12.9202006,52.6100587],[12.9210377,52.6130159],[12.9248249,52.6126901],[12.9242349,52.6100361],[12.9316128,52.6097942],[12.9395092,52.6117486],[12.9514397,52.610263200000006],[12.9581412,52.6149082],[12.967369,52.615503],[12.9879606,52.6122177],[13.0057276,52.6127649]]]},"properties":{"plz":"14656","note":"14656 Brieselang","qkm":44.40995,"einwohner":10734}},{"type":"Feature","geometry":{"type":"Polygon","coordinates":[[[12.522403600000002,52.7526738],[12.5465859,52.7532286],[12.5497392,52.76306480000001],[12.5406036,52.7659414],[12.5512388,52.772532700000006],[12.5448816,52.7812727],[12.5342192,52.7810477],[12.5329143,52.7853882],[12.5336316,52.792853900000004],[12.5406922,52.7919839],[12.541022700000001,52.8023253],[12.548182,52.8015978],[12.5479825,52.8105864],[12.5826806,52.80824],[12.6021717,52.8008097],[12.6094675,52.7906072],[12.6426522,52.8009454],[12.6499537,52.80036700000001],[12.645975300000002,52.7926704],[12.6546789,52.7890787],[12.6567408,52.791204500000006],[12.6698054,52.7821956],[12.6667476,52.7777652],[12.6764901,52.7733399],[12.672263000000001,52.76954],[12.720655100000002,52.7561209],[12.7154734,52.7483813],[12.7227667,52.7437073],[12.712311,52.7376367],[12.7077652,52.729274600000004],[12.7174443,52.7285512],[12.7161424,52.7234555],[12.7276773,52.72249],[12.7375482,52.71211520000001],[12.7405692,52.70316],[12.7342228,52.7038944],[12.7040026,52.694833],[12.6953858,52.6981826],[12.6876194,52.6965998],[12.6913045,52.6883482],[12.6849638,52.6882088],[12.670877,52.6721203],[12.6554745,52.6647765],[12.6503247,52.6528544],[12.6388233,52.64572050000001],[12.6410549,52.6420749],[12.6331357,52.6430764],[12.6291904,52.62460240000001],[12.6207071,52.62492550000001],[12.6144048,52.6341583],[12.6036376,52.6375008],[12.6051274,52.6447563],[12.6105348,52.6478802],[12.6027942,52.6554354],[12.5913358,52.6601686],[12.562662100000002,52.6634242],[12.554831200000002,52.6707682],[12.5573697,52.6763551],[12.5224881,52.6943997],[12.5191611,52.6948757],[12.5313866,52.7011962],[12.55602,52.7016883],[12.5606972,52.7068654],[12.556375,52.7062322],[12.557540300000001,52.7111538],[12.5510965,52.7129543],[12.5509891,52.7229356],[12.5374623,52.7265708],[12.5262368,52.7238424],[12.5198467,52.7360023],[12.5319756,52.73397550000001],[12.5452815,52.7356717],[12.5415951,52.7382896],[12.532595700000002,52.7384247],[12.5322792,52.7365077],[12.5307139,52.7390515],[12.5136207,52.7394133],[12.522403600000002,52.7526738]]]},"properties":{"plz":"14662","note":"14662 Friesack","qkm":170.847529,"einwohner":4073}},{"type":"Feature","geometry":{"type":"Polygon","coordinates":[[[12.7497022,52.509771900000004],[12.7700822,52.5013158],[12.7781502,52.50706280000001],[12.7709405,52.5103539],[12.7670781,52.5164131],[12.7984921,52.5213748],[12.8050095,52.5589164],[12.8189248,52.5617054],[12.835399300000002,52.558752],[12.8436713,52.5490056],[12.8779713,52.5413202],[12.8778266,52.53834200000001],[12.8922247,52.541743],[12.8935594,52.5376803],[12.9031735,52.53335820000001],[12.9037185,52.5268287],[12.9134335,52.5267739],[12.9071861,52.5230193],[12.9047195,52.5058096],[12.917314100000002,52.50597820000001],[12.9334256,52.5018122],[12.9452638,52.5070534],[12.9471305,52.5042718],[12.9356877,52.5007771],[12.9330012,52.4868463],[12.9175485,52.4823972],[12.917322,52.4743757],[12.8933763,52.4677273],[12.8867757,52.4633388],[12.8942936,52.4605516],[12.891717,52.4503127],[12.8849709,52.4541462],[12.8743425,52.4541732],[12.863929,52.4598114],[12.8137113,52.47337650000001],[12.809006,52.4726555],[12.8124726,52.4657663],[12.7792168,52.4624514],[12.7652328,52.4663799],[12.7558908,52.4586663],[12.745059,52.4586715],[12.7396177,52.4655298],[12.746833600000002,52.4672116],[12.7424454,52.4774718],[12.7595184,52.4811202],[12.754805900000001,52.4895922],[12.7499006,52.488826200000005],[12.734053900000001,52.4981791],[12.7497022,52.509771900000004]]]},"properties":{"plz":"14669","note":"14669 Ketzin","qkm":94.338537,"einwohner":6345}},{"type":"Feature","geometry":{"type":"Polygon","coordinates":[[[12.3778663,52.5892534],[12.3730169,52.5863593],[12.3473718,52.5829412],[12.343474,52.578161200000004],[12.3458944,52.5714947],[12.3395203,52.5663186],[12.3195526,52.5662175],[12.3105348,52.5582165],[12.3151268,52.5525806],[12.3219932,52.5538853],[12.325481,52.5502974],[12.313624700000002,52.5505191],[12.3014388,52.5480799],[12.2922429,52.5505308],[12.2969789,52.5538401],[12.2891254,52.5551434],[12.2734186,52.5482146],[12.2538254,52.5471688],[12.2623409,52.5700079],[12.2916407,52.5787592],[12.289544,52.5874538],[12.294093,52.5900871],[12.2870549,52.5970216],[12.2669977,52.602030600000006],[12.2555551,52.6018178],[12.2353948,52.614829],[12.2421196,52.6321739],[12.2310159,52.6296633],[12.231243200000002,52.6398563],[12.2364692,52.64078150000001],[12.2378849,52.645566],[12.232521000000002,52.6523674],[12.237862,52.6623757],[12.235489300000001,52.6655453],[12.2585929,52.6649861],[12.2687209,52.6694365],[12.2841704,52.6623833],[12.2909081,52.66454360000001],[12.2937834,52.6716225],[12.311206,52.6648344],[12.3242523,52.670612000000006],[12.3472978,52.659967],[12.3645508,52.6625655],[12.3683274,52.6664696],[12.3753226,52.6625134],[12.3870385,52.6646217],[12.3896992,52.6615243],[12.4051488,52.6572814],[12.413027,52.6475152],[12.4050609,52.6341014],[12.4121628,52.6177916],[12.4081915,52.6102189],[12.4164851,52.6029264],[12.4309085,52.5989819],[12.4217331,52.5921683],[12.4212478,52.5877409],[12.4076335,52.5914105],[12.3778663,52.5892534]]]},"properties":{"plz":"14712","note":"14712 Rathenow","qkm":113.835588,"einwohner":24526}},{"type":"Feature","geometry":{"type":"Polygon","coordinates":[[[12.2015163,52.7289263],[12.2221618,52.7398259],[12.2177764,52.7435604],[12.2210759,52.744804300000006],[12.219596,52.7502967],[12.2093945,52.7528873],[12.2058479,52.7604904],[12.2092733,52.7639151],[12.2154984,52.7635362],[12.2119553,52.7662677],[12.2126626,52.77322710000001],[12.2238108,52.7762978],[12.2200413,52.7897638],[12.2435956,52.7862848],[12.2492747,52.7919134],[12.2581232,52.7934261],[12.2615972,52.7985801],[12.2696453,52.800891400000005],[12.2847822,52.7944672],[12.2739368,52.768114],[12.2798921,52.7662808],[12.2762206,52.7538943],[12.268642,52.7504526],[12.2933574,52.7411273],[12.2916622,52.739135],[12.3017703,52.7336782],[12.3108776,52.7362577],[12.3203061,52.7340077],[12.3188004,52.7257224],[12.3311964,52.7250795],[12.3291645,52.7190981],[12.3419158,52.7198386],[12.3569594,52.7160625],[12.3688414,52.7129505],[12.3721855,52.7076228],[12.376702,52.7068122],[12.380387200000001,52.7142885],[12.3891552,52.7136341],[12.3873899,52.7179793],[12.3911629,52.7186786],[12.4023697,52.71549460000001],[12.411978,52.7009393],[12.4386671,52.7103003],[12.4435378,52.7192429],[12.4757631,52.70717760000001],[12.470631100000002,52.7053061],[12.4697791,52.700442],[12.4755171,52.695137],[12.4805021,52.6952774],[12.4893001,52.6898917],[12.5001136,52.6769464],[12.5063007,52.6777881],[12.5224881,52.6943997],[12.5573697,52.6763551],[12.554831200000002,52.6707682],[12.562662100000002,52.6634242],[12.5913358,52.6601686],[12.6027942,52.6554354],[12.6105348,52.6478802],[12.6051274,52.6447563],[12.6036376,52.6375008],[12.6144048,52.6341583],[12.6207071,52.62492550000001],[12.6291904,52.62460240000001],[12.622148,52.6141065],[12.6316181,52.6155609],[12.6401669,52.613426200000006],[12.6558333,52.6195756],[12.6952446,52.5952721],[12.6766011,52.587312],[12.66628,52.58641110000001],[12.652401,52.5645713],[12.6677089,52.5565893],[12.6904026,52.55008420000001],[12.6722834,52.5371162],[12.6510363,52.5421844],[12.644584,52.5407894],[12.6462314,52.5377949],[12.6390035,52.536678],[12.635164,52.5393976],[12.6098016,52.5366662],[12.6105891,52.5337431],[12.5831346,52.527465],[12.5475285,52.5306959],[12.5487863,52.5333856],[12.5417503,52.5334346],[12.537009,52.537906],[12.5062637,52.535476],[12.5003811,52.5374846],[12.4955813,52.5450485],[12.4895495,52.5430927],[12.4857145,52.5470695],[12.4911315,52.5478361],[12.4817357,52.5545421],[12.4858281,52.5539353],[12.4880562,52.556585600000005],[12.4640847,52.5547895],[12.4604075,52.5511338],[12.4283352,52.5539584],[12.4302344,52.5584396],[12.3974979,52.552383],[12.3778663,52.5892534],[12.4076335,52.5914105],[12.4212478,52.5877409],[12.4217331,52.5921683],[12.4309085,52.5989819],[12.4164851,52.6029264],[12.4081915,52.6102189],[12.4121628,52.6177916],[12.4050609,52.6341014],[12.413027,52.6475152],[12.4051488,52.6572814],[12.3896992,52.6615243],[12.3870385,52.6646217],[12.3753226,52.6625134],[12.3683274,52.6664696],[12.3645508,52.6625655],[12.3472978,52.659967],[12.3242523,52.670612000000006],[12.311206,52.6648344],[12.2937834,52.6716225],[12.2909081,52.66454360000001],[12.2841704,52.6623833],[12.2687209,52.6694365],[12.2585929,52.6649861],[12.235489300000001,52.6655453],[12.237862,52.6623757],[12.232521000000002,52.6523674],[12.2378849,52.645566],[12.2364692,52.64078150000001],[12.231243200000002,52.6398563],[12.2310159,52.6296633],[12.2421196,52.6321739],[12.2353948,52.614829],[12.2555551,52.6018178],[12.2669977,52.602030600000006],[12.2870549,52.5970216],[12.294093,52.5900871],[12.289544,52.5874538],[12.2916407,52.5787592],[12.2623409,52.5700079],[12.2538254,52.5471688],[12.2734186,52.5482146],[12.2891254,52.5551434],[12.2969789,52.5538401],[12.2922429,52.5505308],[12.3014388,52.5480799],[12.313624700000002,52.5505191],[12.3041834,52.5453259],[12.3094148,52.527951],[12.3139209,52.5261494],[12.325722600000002,52.5308228],[12.3274392,52.5271938],[12.3361511,52.527481],[12.346107400000001,52.5210839],[12.3504419,52.5102719],[12.3586816,52.5154171],[12.3670072,52.5125964],[12.3671789,52.5143202],[12.3829288,52.5153909],[12.390481900000001,52.5099062],[12.4012966,52.5104025],[12.40343,52.5049206],[12.4118001,52.5009436],[12.4144517,52.5087738],[12.4192781,52.5079211],[12.4242889,52.5016352],[12.4197111,52.4984038],[12.4161716,52.5003123],[12.411580800000001,52.4954397],[12.4239304,52.4924476],[12.4124852,52.480688],[12.4142583,52.4756841],[12.4359059,52.475775],[12.4499478,52.4793742],[12.4480659,52.4729106],[12.4417289,52.4704888],[12.4346462,52.4592621],[12.4287146,52.4581372],[12.4300096,52.4559143],[12.4228421,52.453807],[12.4254466,52.458671],[12.418062,52.4554355],[12.4067575,52.4568891],[12.3940305,52.4482654],[12.3613397,52.4427193],[12.3409669,52.4383647],[12.3335113,52.4411537],[12.3280598,52.4396314],[12.3172624,52.4541795],[12.3146044,52.4596483],[12.3252397,52.4642097],[12.3252996,52.4719918],[12.3307686,52.4787251],[12.3164888,52.47508940000001],[12.308610000000002,52.47883490000001],[12.3092067,52.4859921],[12.3139569,52.4905616],[12.3277678,52.4912636],[12.3300603,52.4965091],[12.3103394,52.4908216],[12.2972513,52.4959669],[12.2941387,52.4923466],[12.2860912,52.4926311],[12.2798057,52.487623],[12.2718449,52.4875012],[12.2699485,52.4936629],[12.2620771,52.4952718],[12.2700667,52.5009127],[12.2592981,52.5046516],[12.2579581,52.5181973],[12.2470875,52.5187139],[12.2353138,52.5239094],[12.2311628,52.522019],[12.2315359,52.5160361],[12.2237024,52.5115534],[12.227857,52.5062332],[12.221768,52.5002308],[12.2122381,52.5035823],[12.203256200000002,52.49757400000001],[12.1897168,52.4989302],[12.1846731,52.4957216],[12.1832776,52.4976372],[12.1712327,52.5060731],[12.1671225,52.5146963],[12.1887401,52.532226],[12.1794745,52.5338574],[12.1736576,52.538741],[12.1585121,52.5344939],[12.1544093,52.529702900000004],[12.1421717,52.5282849],[12.1434739,52.537090400000004],[12.1495782,52.5405838],[12.1588506,52.5603548],[12.1815198,52.575218],[12.1734833,52.5817073],[12.1756554,52.6067677],[12.1701734,52.6090582],[12.1753207,52.6175582],[12.1677329,52.6160611],[12.166939200000002,52.6274639],[12.1498789,52.6329702],[12.1334275,52.6446478],[12.1175696,52.6880587],[12.1216213,52.687616],[12.1242594,52.6988404],[12.1190142,52.6992802],[12.1201962,52.7066518],[12.1561138,52.7028139],[12.1761233,52.7155401],[12.1854926,52.7164937],[12.1913101,52.7235852],[12.2035329,52.7244755],[12.2057922,52.7264233],[12.2015163,52.7289263]]]},"properties":{"plz":"14715","note":"14715 Milower Land, Schollene, Nennhausen u.a.","qkm":605.580318,"einwohner":12409}},{"type":"Feature","geometry":{"type":"Polygon","coordinates":[[[12.313624700000002,52.5505191],[12.325481,52.5502974],[12.3219932,52.5538853],[12.3151268,52.5525806],[12.3105348,52.5582165],[12.3195526,52.5662175],[12.3395203,52.5663186],[12.3458944,52.5714947],[12.343474,52.578161200000004],[12.3473718,52.5829412],[12.3730169,52.5863593],[12.3778663,52.5892534],[12.3974979,52.552383],[12.4302344,52.5584396],[12.4283352,52.5539584],[12.4302302,52.539569],[12.4155634,52.5425105],[12.4063231,52.5387499],[12.4143837,52.5319059],[12.4276228,52.5273463],[12.4249233,52.5237567],[12.429343400000002,52.5141687],[12.4144517,52.5087738],[12.4118001,52.5009436],[12.40343,52.5049206],[12.4012966,52.5104025],[12.390481900000001,52.5099062],[12.3829288,52.5153909],[12.3671789,52.5143202],[12.3670072,52.5125964],[12.3586816,52.5154171],[12.3504419,52.5102719],[12.346107400000001,52.5210839],[12.3361511,52.527481],[12.3274392,52.5271938],[12.325722600000002,52.5308228],[12.3139209,52.5261494],[12.3094148,52.527951],[12.3041834,52.5453259],[12.313624700000002,52.5505191]]]},"properties":{"plz":"14727","note":"14727 Premnitz","qkm":45.986239,"einwohner":8663}},{"type":"Feature","geometry":{"type":"Polygon","coordinates":[[[12.2847822,52.7944672],[12.3055139,52.7890268],[12.3178751,52.7753837],[12.3331915,52.7676525],[12.3464891,52.7673506],[12.3441509,52.7713256],[12.3476711,52.7727548],[12.3639364,52.7663281],[12.3743773,52.7700106],[12.3767316,52.7675761],[12.3779865,52.7701164],[12.3953468,52.7716561],[12.400976900000002,52.7674861],[12.4003692,52.7560494],[12.4075152,52.7523839],[12.4240456,52.7568235],[12.4449464,52.7551069],[12.4512424,52.7574037],[12.480323,52.7578958],[12.4875088,52.7607756],[12.4919312,52.757667],[12.4956356,52.7589488],[12.522403600000002,52.7526738],[12.5136207,52.7394133],[12.5307139,52.7390515],[12.5322792,52.7365077],[12.532595700000002,52.7384247],[12.5415951,52.7382896],[12.5452815,52.7356717],[12.5319756,52.73397550000001],[12.5198467,52.7360023],[12.5262368,52.7238424],[12.5374623,52.7265708],[12.5509891,52.7229356],[12.5510965,52.7129543],[12.557540300000001,52.7111538],[12.556375,52.7062322],[12.5606972,52.7068654],[12.55602,52.7016883],[12.5313866,52.7011962],[12.5191611,52.6948757],[12.5224881,52.6943997],[12.5063007,52.6777881],[12.5001136,52.6769464],[12.4893001,52.6898917],[12.4805021,52.6952774],[12.4755171,52.695137],[12.4697791,52.700442],[12.470631100000002,52.7053061],[12.4757631,52.70717760000001],[12.4435378,52.7192429],[12.4386671,52.7103003],[12.411978,52.7009393],[12.4023697,52.71549460000001],[12.3911629,52.7186786],[12.3873899,52.7179793],[12.3891552,52.7136341],[12.380387200000001,52.7142885],[12.376702,52.7068122],[12.3721855,52.7076228],[12.3688414,52.7129505],[12.3569594,52.7160625],[12.3419158,52.7198386],[12.3291645,52.7190981],[12.3311964,52.7250795],[12.3188004,52.7257224],[12.3203061,52.7340077],[12.3108776,52.7362577],[12.3017703,52.7336782],[12.2916622,52.739135],[12.2933574,52.7411273],[12.268642,52.7504526],[12.2762206,52.7538943],[12.2798921,52.7662808],[12.2739368,52.768114],[12.2847822,52.7944672]]]},"properties":{"plz":"14728","note":"14728 Rhinow","qkm":104.378649,"einwohner":2526}},{"type":"Feature","geometry":{"type":"Polygon","coordinates":[[[12.4611902,52.3886289],[12.4640085,52.3979432],[12.4802549,52.4050067],[12.4918039,52.4144545],[12.5241135,52.4223348],[12.5457854,52.4257399],[12.5661948,52.4234871],[12.554314,52.4101363],[12.5307363,52.4022605],[12.5284038,52.3952613],[12.511562000000001,52.3882018],[12.4611902,52.3886289]]]},"properties":{"plz":"14770","note":"14770 Brandenburg/ Havel","qkm":16.146015,"einwohner":22112}},{"type":"Feature","geometry":{"type":"Polygon","coordinates":[[[12.5147723,52.4752434],[12.5082406,52.4687114],[12.5177287,52.45312440000001],[12.5252296,52.4533184],[12.5252255,52.4503266],[12.5313173,52.4494702],[12.5523765,52.4494281],[12.5732914,52.4453717],[12.5694612,52.442678],[12.5661948,52.4234871],[12.5457854,52.4257399],[12.5241135,52.4223348],[12.4918039,52.4144545],[12.4802549,52.4050067],[12.4754784,52.4115124],[12.4502216,52.41757410000001],[12.4480083,52.4245934],[12.4443825,52.4530221],[12.4675418,52.4498483],[12.4761748,52.4595586],[12.492407,52.468955],[12.5147723,52.4752434]]]},"properties":{"plz":"14772","note":"14772 Brandenburg/ Havel","qkm":34.499581,"einwohner":19466}},{"type":"Feature","geometry":{"type":"Polygon","coordinates":[[[12.3613397,52.4427193],[12.3940305,52.4482654],[12.4067575,52.4568891],[12.418062,52.4554355],[12.4254466,52.458671],[12.4228421,52.453807],[12.4300096,52.4559143],[12.4209185,52.4493131],[12.425546,52.4408371],[12.4202809,52.436163500000006],[12.4275189,52.4291484],[12.4343339,52.4298244],[12.4302058,52.4157779],[12.4386899,52.425863],[12.4431352,52.4257132],[12.4432034,52.4216754],[12.4480083,52.4245934],[12.4502216,52.41757410000001],[12.4754784,52.4115124],[12.4802549,52.4050067],[12.4640085,52.3979432],[12.4611902,52.3886289],[12.4495814,52.3818888],[12.4496898,52.3701485],[12.453800300000001,52.36465520000001],[12.4596396,52.3639975],[12.463638,52.3589184],[12.477404,52.3525411],[12.4820445,52.3420335],[12.4745188,52.3317455],[12.4704299,52.33216180000001],[12.4627266,52.3258339],[12.4642759,52.3211755],[12.4637405,52.3163205],[12.441095500000001,52.316081],[12.418944700000003,52.3115514],[12.4171648,52.3326471],[12.4227416,52.3344933],[12.420916,52.3408421],[12.4122653,52.3479241],[12.4088263,52.3474525],[12.3949413,52.3624506],[12.4001384,52.3653611],[12.3986876,52.3787586],[12.390214,52.3956682],[12.3959606,52.3999596],[12.388032,52.403556],[12.389166,52.4346929],[12.3748069,52.4323873],[12.375221100000001,52.4255792],[12.3650732,52.4286916],[12.3613397,52.4427193]]]},"properties":{"plz":"14774","note":"14774 Brandenburg/ Havel","qkm":63.135253,"einwohner":6621}},{"type":"Feature","geometry":{"type":"Polygon","coordinates":[[[12.4611902,52.3886289],[12.511562000000001,52.3882018],[12.5284038,52.3952613],[12.5307363,52.4022605],[12.554314,52.4101363],[12.5661948,52.4234871],[12.5694612,52.442678],[12.5732914,52.4453717],[12.5883466,52.4467731],[12.5937523,52.4513088],[12.6223296,52.4590788],[12.6393499,52.4507599],[12.6570523,52.4556013],[12.6598948,52.4529858],[12.6697352,52.452638],[12.6711952,52.447972400000005],[12.6863658,52.4496372],[12.6889592,52.4444093],[12.7032755,52.4476062],[12.7043022,52.4457661],[12.7011278,52.4427705],[12.6938513,52.4447027],[12.6922465,52.4414364],[12.6863218,52.4431489],[12.6712158,52.4382683],[12.6752473,52.4270966],[12.6872211,52.4184043],[12.6834338,52.41045200000001],[12.6670702,52.4084873],[12.6556331,52.3913264],[12.650889,52.396155],[12.611630000000002,52.3930701],[12.6032296,52.3732167],[12.6060641,52.3648976],[12.6000879,52.365777],[12.5966504,52.3624423],[12.5934034,52.3478958],[12.5611337,52.3468608],[12.5516187,52.3528619],[12.536461900000003,52.3538659],[12.533324,52.348074],[12.5228651,52.3473043],[12.5264026,52.3423836],[12.5188388,52.337209],[12.5111269,52.3388295],[12.5099746,52.331926300000006],[12.5044577,52.3306846],[12.5052861,52.3223309],[12.4999088,52.3222719],[12.4810852,52.3265834],[12.4750476,52.3189615],[12.4642759,52.3211755],[12.4627266,52.3258339],[12.4704299,52.33216180000001],[12.4745188,52.3317455],[12.4820445,52.3420335],[12.477404,52.3525411],[12.463638,52.3589184],[12.4596396,52.3639975],[12.453800300000001,52.36465520000001],[12.4496898,52.3701485],[12.4495814,52.3818888],[12.4611902,52.3886289]]]},"properties":{"plz":"14776","note":"14776 Brandenburg/Havel","qkm":106.544202,"einwohner":23481}},{"type":"Feature","geometry":{"type":"MultiPolygon","coordinates":[[[[12.3874068,52.3075292],[12.418944700000003,52.3115514],[12.441095500000001,52.316081],[12.4637405,52.3163205],[12.4642759,52.3211755],[12.4750476,52.3189615],[12.4810852,52.3265834],[12.4999088,52.3222719],[12.5019473,52.319793],[12.5089811,52.3203058],[12.5084962,52.3066828],[12.5197027,52.3078295],[12.5371564,52.2831947],[12.5458553,52.2851768],[12.5475075,52.2933577],[12.5537217,52.2920177],[12.5581307,52.2934405],[12.5559769,52.2954326],[12.5620902,52.294321],[12.5700445,52.2973787],[12.5773316,52.3027928],[12.5732761,52.3053684],[12.5817806,52.3122643],[12.5899657,52.3139659],[12.6031417,52.3101915],[12.609257,52.3219965],[12.6213559,52.32145940000001],[12.6228605,52.310992],[12.626526,52.3125265],[12.6496426,52.30798620000001],[12.6446794,52.3018274],[12.6211873,52.2905614],[12.611251300000001,52.2819891],[12.619063,52.27958770000001],[12.617630700000001,52.2728975],[12.6210897,52.2712024],[12.6172734,52.2673984],[12.6251276,52.2579976],[12.6473914,52.2422428],[12.6498354,52.2372983],[12.6364394,52.2405216],[12.6240982,52.239796000000005],[12.6192689,52.2463144],[12.603464,52.2469193],[12.5965804,52.2549129],[12.5821898,52.2589672],[12.5734655,52.2676646],[12.570568700000003,52.2681242],[12.561504900000001,52.2582091],[12.5478053,52.2639744],[12.539452200000001,52.2619074],[12.5285967,52.2653588],[12.5298971,52.2679115],[12.5245474,52.2704838],[12.5175418,52.2660889],[12.5196078,52.2624786],[12.5118297,52.2585163],[12.462466,52.2653639],[12.4562047,52.2629462],[12.4646569,52.2546454],[12.4589019,52.2527144],[12.4539219,52.2447114],[12.4326813,52.2499],[12.4412706,52.2683995],[12.4297414,52.2687777],[12.4298929,52.2733003],[12.410587,52.2729589],[12.4113522,52.2862729],[12.402925700000003,52.2883126],[12.4051881,52.2934662],[12.3872573,52.2952081],[12.3874068,52.3075292]]],[[[12.5147723,52.4752434],[12.523696,52.4795641],[12.5432331,52.49904840000001],[12.5577422,52.5050663],[12.577549,52.5204751],[12.5831219,52.5192359],[12.5831346,52.527465],[12.6105891,52.5337431],[12.6098016,52.5366662],[12.635164,52.5393976],[12.6390035,52.536678],[12.6462314,52.5377949],[12.644584,52.5407894],[12.6510363,52.5421844],[12.6722834,52.5371162],[12.6904026,52.55008420000001],[12.7127781,52.5443607],[12.7177943,52.5461115],[12.7249433,52.5419951],[12.7249574,52.5382725],[12.7181614,52.5390423],[12.7164578,52.5323361],[12.7222429,52.5319592],[12.716209,52.5252599],[12.7272604,52.5226209],[12.7497022,52.509771900000004],[12.734053900000001,52.4981791],[12.7499006,52.488826200000005],[12.754805900000001,52.4895922],[12.7595184,52.4811202],[12.7424454,52.4774718],[12.746833600000002,52.4672116],[12.7396177,52.4655298],[12.745059,52.4586715],[12.7307831,52.454773800000005],[12.7288519,52.4534662],[12.7346454,52.4520016],[12.7223717,52.4505108],[12.7200113,52.4472675],[12.7123724,52.4483922],[12.7043022,52.4457661],[12.7032755,52.4476062],[12.6889592,52.4444093],[12.6863658,52.4496372],[12.6711952,52.447972400000005],[12.6697352,52.452638],[12.6598948,52.4529858],[12.6570523,52.4556013],[12.6393499,52.4507599],[12.6223296,52.4590788],[12.5937523,52.4513088],[12.5883466,52.4467731],[12.5732914,52.4453717],[12.5523765,52.4494281],[12.5313173,52.4494702],[12.5252255,52.4503266],[12.5252296,52.4533184],[12.5177287,52.45312440000001],[12.5082406,52.4687114],[12.5147723,52.4752434]]]]},"properties":{"plz":"14778","note":"14778 Beetzsee, Wollin, Wenzlow, Golzow u.a","qkm":220.03449,"einwohner":7648}},{"type":"Feature","geometry":{"type":"Polygon","coordinates":[[[12.2731717,52.3046432],[12.2811522,52.3182151],[12.2893,52.322439300000006],[12.3080899,52.3446322],[12.2841224,52.3641988],[12.286947800000002,52.3695688],[12.3007048,52.37111120000001],[12.3065554,52.3777139],[12.2944996,52.381179],[12.2917108,52.386111],[12.3035034,52.397533],[12.3022689,52.4053087],[12.2993157,52.4091212],[12.291981,52.4076699],[12.2787028,52.4108259],[12.2746098,52.4161832],[12.2971978,52.423694],[12.2894129,52.4305792],[12.3025129,52.4343574],[12.3076879,52.444654500000006],[12.3027252,52.4457641],[12.3042824,52.4508321],[12.3172624,52.4541795],[12.3280598,52.4396314],[12.3335113,52.4411537],[12.3409669,52.4383647],[12.3613397,52.4427193],[12.3650732,52.4286916],[12.375221100000001,52.4255792],[12.3748069,52.4323873],[12.389166,52.4346929],[12.388032,52.403556],[12.3959606,52.3999596],[12.390214,52.3956682],[12.3986876,52.3787586],[12.4001384,52.3653611],[12.3949413,52.3624506],[12.4088263,52.3474525],[12.4122653,52.3479241],[12.420916,52.3408421],[12.4227416,52.3344933],[12.4171648,52.3326471],[12.418944700000003,52.3115514],[12.3874068,52.3075292],[12.373054900000001,52.3033563],[12.367985500000001,52.3039376],[12.3680713,52.3067152],[12.346256,52.3109718],[12.3093939,52.3082955],[12.2890477,52.3025934],[12.2731717,52.3046432]]]},"properties":{"plz":"14789","note":"14789 Wusterwitz, Rosenau, Bensdorf","qkm":107.993833,"einwohner":5367}},{"type":"Feature","geometry":{"type":"Polygon","coordinates":[[[12.24541,52.2498632],[12.2545811,52.2616708],[12.250839,52.2642086],[12.2518749,52.275466],[12.262923,52.2950454],[12.2731717,52.3046432],[12.2890477,52.3025934],[12.3093939,52.3082955],[12.346256,52.3109718],[12.3680713,52.3067152],[12.367985500000001,52.3039376],[12.373054900000001,52.3033563],[12.3874068,52.3075292],[12.3872573,52.2952081],[12.4051881,52.2934662],[12.402925700000003,52.2883126],[12.4113522,52.2862729],[12.410587,52.2729589],[12.4298929,52.2733003],[12.4297414,52.2687777],[12.4412706,52.2683995],[12.4326813,52.2499],[12.4539219,52.2447114],[12.4698635,52.235519],[12.4752423,52.2286174],[12.4630393,52.2268121],[12.4497945,52.2196792],[12.456484,52.2159838],[12.4563323,52.2125044],[12.4480924,52.2053702],[12.4344197,52.1996084],[12.4351969,52.196027],[12.4143323,52.1969097],[12.400391300000003,52.1946264],[12.4083316,52.1864442],[12.3864067,52.2024357],[12.3783694,52.2028298],[12.3729812,52.1874113],[12.3619563,52.1880283],[12.3607071,52.1853231],[12.345936,52.1845513],[12.3445584,52.1868667],[12.3300634,52.1862992],[12.3292741,52.1982421],[12.3348418,52.206678],[12.321225,52.2070533],[12.3044054,52.2035251],[12.3070232,52.1980719],[12.2910512,52.196783],[12.2878175,52.1895314],[12.244016,52.191254],[12.241782200000001,52.1956005],[12.2535031,52.2056703],[12.2452231,52.2074472],[12.2487867,52.2117823],[12.2601467,52.2164712],[12.2677035,52.2145524],[12.2821931,52.216681],[12.2971344,52.2289034],[12.289059600000002,52.2291355],[12.2831335,52.234475],[12.2628639,52.2343232],[12.262803,52.2369355],[12.2756932,52.236797],[12.2678579,52.2407448],[12.2708399,52.24191],[12.2579588,52.243246],[12.2621914,52.2467776],[12.24541,52.2498632]]]},"properties":{"plz":"14793","note":"14793 Ziesar","qkm":148.044425,"einwohner":3623}},{"type":"Feature","geometry":{"type":"Polygon","coordinates":[[[12.4999088,52.3222719],[12.5052861,52.3223309],[12.5044577,52.3306846],[12.5099746,52.331926300000006],[12.5111269,52.3388295],[12.5188388,52.337209],[12.5264026,52.3423836],[12.5228651,52.3473043],[12.533324,52.348074],[12.536461900000003,52.3538659],[12.5516187,52.3528619],[12.5611337,52.3468608],[12.5934034,52.3478958],[12.5966504,52.3624423],[12.6000879,52.365777],[12.6060641,52.3648976],[12.6032296,52.3732167],[12.611630000000002,52.3930701],[12.650889,52.396155],[12.6556331,52.3913264],[12.661495,52.3862678],[12.6582335,52.3794571],[12.6628683,52.3791428],[12.6775864,52.3828534],[12.6779362,52.37960120000001],[12.6911924,52.3853248],[12.6947973,52.382915],[12.7070037,52.3857484],[12.7105085,52.38144510000001],[12.7194242,52.3859806],[12.7251212,52.38389300000001],[12.7319383,52.3877984],[12.7485036,52.3884911],[12.7510507,52.3851673],[12.7468471,52.3843042],[12.7523724,52.3807831],[12.7603911,52.3815219],[12.7603825,52.3742088],[12.7714783,52.3659275],[12.773684100000002,52.3686003],[12.7839345,52.3681522],[12.7823831,52.3656275],[12.7952063,52.3620875],[12.8044459,52.3789983],[12.8247642,52.3766065],[12.8208095,52.3556344],[12.827867,52.3228012],[12.8182846,52.3078671],[12.8225026,52.3008409],[12.7884634,52.2897622],[12.7801378,52.2689674],[12.7642351,52.25305060000001],[12.7083844,52.242484600000004],[12.6991969,52.2546579],[12.7020508,52.2601928],[12.7053725,52.2626356],[12.708264900000001,52.2607864],[12.7098056,52.2642877],[12.6958113,52.2653441],[12.7112347,52.2683428],[12.7006217,52.290358600000005],[12.6785379,52.28940360000001],[12.6714794,52.3027803],[12.6598246,52.305216200000004],[12.6586291,52.3084729],[12.6496426,52.30798620000001],[12.626526,52.3125265],[12.6228605,52.310992],[12.6213559,52.32145940000001],[12.609257,52.3219965],[12.6031417,52.3101915],[12.5899657,52.3139659],[12.5817806,52.3122643],[12.5732761,52.3053684],[12.5773316,52.3027928],[12.5700445,52.2973787],[12.5620902,52.294321],[12.5559769,52.2954326],[12.5581307,52.2934405],[12.5537217,52.2920177],[12.5475075,52.2933577],[12.5458553,52.2851768],[12.5371564,52.2831947],[12.5197027,52.3078295],[12.5084962,52.3066828],[12.5089811,52.3203058],[12.5019473,52.319793],[12.4999088,52.3222719]]]},"properties":{"plz":"14797","note":"14797 Lehnin","qkm":199.474678,"einwohner":10878}},{"type":"Feature","geometry":{"type":"Polygon","coordinates":[[[12.4283352,52.5539584],[12.4604075,52.5511338],[12.4640847,52.5547895],[12.4880562,52.556585600000005],[12.4858281,52.5539353],[12.4817357,52.5545421],[12.4911315,52.5478361],[12.4857145,52.5470695],[12.4895495,52.5430927],[12.4955813,52.5450485],[12.5003811,52.5374846],[12.5062637,52.535476],[12.537009,52.537906],[12.5417503,52.5334346],[12.5487863,52.5333856],[12.5475285,52.5306959],[12.5831346,52.527465],[12.5831219,52.5192359],[12.577549,52.5204751],[12.5577422,52.5050663],[12.5432331,52.49904840000001],[12.523696,52.4795641],[12.5147723,52.4752434],[12.492407,52.468955],[12.4761748,52.4595586],[12.4675418,52.4498483],[12.4443825,52.4530221],[12.4480083,52.4245934],[12.4432034,52.4216754],[12.4431352,52.4257132],[12.4386899,52.425863],[12.4302058,52.4157779],[12.4343339,52.4298244],[12.4275189,52.4291484],[12.4202809,52.436163500000006],[12.425546,52.4408371],[12.4209185,52.4493131],[12.4300096,52.4559143],[12.4287146,52.4581372],[12.4346462,52.4592621],[12.4417289,52.4704888],[12.4480659,52.4729106],[12.4499478,52.4793742],[12.4359059,52.475775],[12.4142583,52.4756841],[12.4124852,52.480688],[12.4239304,52.4924476],[12.411580800000001,52.4954397],[12.4161716,52.5003123],[12.4197111,52.4984038],[12.4242889,52.5016352],[12.4192781,52.5079211],[12.4144517,52.5087738],[12.429343400000002,52.5141687],[12.4249233,52.5237567],[12.4276228,52.5273463],[12.4143837,52.5319059],[12.4063231,52.5387499],[12.4155634,52.5425105],[12.4302302,52.539569],[12.4283352,52.5539584]]]},"properties":{"plz":"14798","note":"14798 Havelsee","qkm":81.971139,"einwohner":3432}},{"type":"Feature","geometry":{"type":"Polygon","coordinates":[[[12.4539219,52.2447114],[12.4589019,52.2527144],[12.4646569,52.2546454],[12.4562047,52.2629462],[12.462466,52.2653639],[12.5118297,52.2585163],[12.5196078,52.2624786],[12.5175418,52.2660889],[12.5245474,52.2704838],[12.5298971,52.2679115],[12.5285967,52.2653588],[12.539452200000001,52.2619074],[12.5478053,52.2639744],[12.561504900000001,52.2582091],[12.570568700000003,52.2681242],[12.5734655,52.2676646],[12.5821898,52.2589672],[12.5965804,52.2549129],[12.603464,52.2469193],[12.6192689,52.2463144],[12.6240982,52.239796000000005],[12.6364394,52.2405216],[12.6498354,52.2372983],[12.650946900000001,52.2324124],[12.671687900000002,52.2229479],[12.669857300000002,52.2137348],[12.6787004,52.1951846],[12.6742156,52.1875507],[12.6651583,52.1855024],[12.6680568,52.17684460000001],[12.6552494,52.1746189],[12.6563585,52.1669566],[12.6321714,52.1561406],[12.6413038,52.157881],[12.6447049,52.154599100000006],[12.6553918,52.1536366],[12.6706153,52.1585136],[12.6839748,52.1588792],[12.6910456,52.1621031],[12.6832902,52.1710941],[12.6905858,52.1736865],[12.6940448,52.1811604],[12.7017479,52.1809962],[12.7018318,52.1782382],[12.7108204,52.1749761],[12.7105158,52.1622102],[12.721630800000002,52.149922],[12.725794,52.1483967],[12.7471541,52.1534423],[12.7535781,52.1444341],[12.7489221,52.1429904],[12.7416756,52.1408029],[12.7371885,52.1333161],[12.7392368,52.1191735],[12.7259908,52.1096673],[12.6968298,52.1188187],[12.6930981,52.1152988],[12.6961625,52.1146972],[12.6892949,52.098214000000006],[12.704256300000003,52.0968364],[12.7035418,52.09219220000001],[12.6828372,52.0943186],[12.6675916,52.0840731],[12.659352400000001,52.0877419],[12.649977,52.0831448],[12.6426513,52.0885507],[12.6332636,52.0877003],[12.6246848,52.0827848],[12.6245432,52.0769389],[12.598,52.0829272],[12.5832908,52.083456],[12.5808289,52.0767126],[12.5746949,52.076755],[12.5754118,52.0702042],[12.5577525,52.0711063],[12.5562821,52.0804382],[12.5599707,52.0866963],[12.5546434,52.093771],[12.5389651,52.0942125],[12.532227400000002,52.08731470000001],[12.5018375,52.0893433],[12.5001209,52.0958181],[12.4875639,52.0950588],[12.484808700000002,52.1090934],[12.4906474,52.1124512],[12.4907518,52.1087745],[12.4988163,52.1079139],[12.5029159,52.112126],[12.491982,52.1157283],[12.486398,52.124214],[12.4954644,52.12873110000001],[12.4988522,52.1406793],[12.5095091,52.1450968],[12.5120218,52.1636575],[12.4874259,52.1621327],[12.4786097,52.1656738],[12.4831372,52.1708693],[12.4687069,52.1688],[12.4732467,52.1754599],[12.4432188,52.1789489],[12.4417799,52.190288],[12.4351969,52.196027],[12.4344197,52.1996084],[12.4480924,52.2053702],[12.4563323,52.2125044],[12.456484,52.2159838],[12.4497945,52.2196792],[12.4630393,52.2268121],[12.4752423,52.2286174],[12.4698635,52.235519],[12.4539219,52.2447114]]]},"properties":{"plz":"14806","note":"14806 Belzig","qkm":279.133882,"einwohner":12212}},{"type":"Feature","geometry":{"type":"Polygon","coordinates":[[[12.6496426,52.30798620000001],[12.6586291,52.3084729],[12.6598246,52.305216200000004],[12.6714794,52.3027803],[12.6785379,52.28940360000001],[12.7006217,52.290358600000005],[12.7112347,52.2683428],[12.6958113,52.2653441],[12.7098056,52.2642877],[12.708264900000001,52.2607864],[12.7053725,52.2626356],[12.7020508,52.2601928],[12.6991969,52.2546579],[12.7083844,52.242484600000004],[12.7642351,52.25305060000001],[12.7801378,52.2689674],[12.8126147,52.2642791],[12.8156037,52.2665958],[12.8175169,52.2626532],[12.828793600000001,52.2615892],[12.8297797,52.2764313],[12.835922,52.2762565],[12.8376129,52.2610484],[12.8461579,52.261199600000005],[12.8505074,52.2512062],[12.845755,52.2482056],[12.8594682,52.24163570000001],[12.8627827,52.2342874],[12.8706148,52.2376121],[12.8731554,52.2315938],[12.8809459,52.2329734],[12.8860214,52.2302134],[12.8863477,52.2267413],[12.8695476,52.223214],[12.8830568,52.2058136],[12.8793736,52.1983166],[12.8891518,52.1950525],[12.8859954,52.1914859],[12.9021358,52.187528300000004],[12.895804900000002,52.1866767],[12.8973209,52.177877],[12.885319600000003,52.1781928],[12.8789153,52.168506],[12.864816800000002,52.1612605],[12.8704044,52.1589187],[12.8676299,52.1561332],[12.8547167,52.1507367],[12.8713356,52.1381204],[12.8787321,52.1387183],[12.8832232,52.1353244],[12.882037900000002,52.1308513],[12.8681942,52.1274924],[12.8451637,52.1131513],[12.8376914,52.1130271],[12.8293744,52.1081526],[12.8229893,52.0889644],[12.8059546,52.09015],[12.7943954,52.0973957],[12.7781979,52.0996119],[12.7588377,52.1011838],[12.7764003,52.1334189],[12.7489221,52.1429904],[12.7535781,52.1444341],[12.7471541,52.1534423],[12.725794,52.1483967],[12.721630800000002,52.149922],[12.7105158,52.1622102],[12.7108204,52.1749761],[12.7018318,52.1782382],[12.7017479,52.1809962],[12.6940448,52.1811604],[12.6905858,52.1736865],[12.6832902,52.1710941],[12.6910456,52.1621031],[12.6839748,52.1588792],[12.6706153,52.1585136],[12.6553918,52.1536366],[12.6447049,52.154599100000006],[12.6413038,52.157881],[12.6321714,52.1561406],[12.6563585,52.1669566],[12.6552494,52.1746189],[12.6680568,52.17684460000001],[12.6651583,52.1855024],[12.6742156,52.1875507],[12.6787004,52.1951846],[12.669857300000002,52.2137348],[12.671687900000002,52.2229479],[12.650946900000001,52.2324124],[12.6498354,52.2372983],[12.6473914,52.2422428],[12.6251276,52.2579976],[12.6172734,52.2673984],[12.6210897,52.2712024],[12.617630700000001,52.2728975],[12.619063,52.27958770000001],[12.611251300000001,52.2819891],[12.6211873,52.2905614],[12.6446794,52.3018274],[12.6496426,52.30798620000001]]]},"properties":{"plz":"14822","note":"14822 Br\u00fcck, Borkheide u.a","qkm":232.749317,"einwohner":9764}},{"type":"Feature","geometry":{"type":"Polygon","coordinates":[[[12.5349644,52.00138280000001],[12.5513796,52.0008993],[12.5509804,52.0136825],[12.5814672,52.0156856],[12.5760741,52.0348309],[12.563428,52.0345718],[12.557432,52.0412322],[12.5519694,52.0422139],[12.5522848,52.0461864],[12.5451042,52.0453886],[12.5432728,52.0595137],[12.5491327,52.060555],[12.5528408,52.072371100000005],[12.5577525,52.0711063],[12.5754118,52.0702042],[12.5746949,52.076755],[12.5808289,52.0767126],[12.5832908,52.083456],[12.598,52.0829272],[12.6245432,52.0769389],[12.6246848,52.0827848],[12.6332636,52.0877003],[12.6426513,52.0885507],[12.649977,52.0831448],[12.659352400000001,52.0877419],[12.6675916,52.0840731],[12.6828372,52.0943186],[12.7035418,52.09219220000001],[12.704256300000003,52.0968364],[12.6892949,52.098214000000006],[12.6961625,52.1146972],[12.6930981,52.1152988],[12.6968298,52.1188187],[12.7259908,52.1096673],[12.7392368,52.1191735],[12.7371885,52.1333161],[12.7416756,52.1408029],[12.7489221,52.1429904],[12.7764003,52.1334189],[12.7588377,52.1011838],[12.7781979,52.0996119],[12.7765254,52.0790157],[12.7663356,52.070184000000005],[12.7570678,52.0709363],[12.7542507,52.0674492],[12.7679823,52.05913400000001],[12.7812628,52.0566049],[12.7796414,52.0537307],[12.731677,52.0457009],[12.733436600000001,52.0385297],[12.717828300000003,52.0344265],[12.7111785,52.0233687],[12.7031426,52.0230779],[12.6999615,52.00242],[12.6823189,52.0034004],[12.6682922,52.01306],[12.6556101,52.012843],[12.6477494,52.0075065],[12.644636,51.9943092],[12.6142555,51.9917397],[12.6153008,51.9821731],[12.6028667,51.9814631],[12.539432,51.9849224],[12.5349644,52.00138280000001]]]},"properties":{"plz":"14823","note":"14823 Niemegk","qkm":145.729705,"einwohner":3148}},{"type":"Feature","geometry":{"type":"Polygon","coordinates":[[[12.2559981,52.134761],[12.2862097,52.1443013],[12.2994763,52.1558392],[12.3298632,52.1493734],[12.3458821,52.1376622],[12.3588908,52.13726710000001],[12.3664185,52.1447806],[12.3950931,52.1457429],[12.4015532,52.1507558],[12.4098603,52.1492635],[12.4100394,52.151893400000006],[12.4216148,52.1522338],[12.421397,52.1563591],[12.427364,52.1552073],[12.4432188,52.1789489],[12.4732467,52.1754599],[12.4687069,52.1688],[12.4831372,52.1708693],[12.4786097,52.1656738],[12.4874259,52.1621327],[12.5120218,52.1636575],[12.5095091,52.1450968],[12.4988522,52.1406793],[12.4954644,52.12873110000001],[12.486398,52.124214],[12.491982,52.1157283],[12.5029159,52.112126],[12.4988163,52.1079139],[12.4907518,52.1087745],[12.4906474,52.1124512],[12.484808700000002,52.1090934],[12.4875639,52.0950588],[12.5001209,52.0958181],[12.5018375,52.0893433],[12.532227400000002,52.08731470000001],[12.5389651,52.0942125],[12.5546434,52.093771],[12.5599707,52.0866963],[12.5562821,52.0804382],[12.5577525,52.0711063],[12.5528408,52.072371100000005],[12.5491327,52.060555],[12.5432728,52.0595137],[12.5451042,52.0453886],[12.5522848,52.0461864],[12.5519694,52.0422139],[12.557432,52.0412322],[12.563428,52.0345718],[12.5760741,52.0348309],[12.5814672,52.0156856],[12.5509804,52.0136825],[12.5513796,52.0008993],[12.5349644,52.00138280000001],[12.5327943,52.0037114],[12.5054386,52.0071795],[12.4940434,52.0116148],[12.4846889,52.0175951],[12.479068200000002,52.0334993],[12.4607652,52.0345856],[12.4491521,52.0165009],[12.429478,52.0183326],[12.4204222,52.0262326],[12.4103507,52.0283763],[12.3980974,52.0355064],[12.3895152,52.0435958],[12.3777062,52.0448773],[12.3597523,52.0465778],[12.3482209,52.0593063],[12.3332231,52.0661392],[12.3157201,52.092546],[12.2848331,52.1037659],[12.2764918,52.1039277],[12.2650322,52.1305836],[12.2559981,52.134761]]]},"properties":{"plz":"14827","note":"14827 Wiesenburg","qkm":220.28684,"einwohner":4607}},{"type":"Feature","geometry":{"type":"Polygon","coordinates":[[[12.2158611,52.1711315],[12.2282561,52.1862376],[12.2411598,52.1821347],[12.247333,52.1838787],[12.244016,52.191254],[12.2878175,52.1895314],[12.2910512,52.196783],[12.3070232,52.1980719],[12.3044054,52.2035251],[12.321225,52.2070533],[12.3348418,52.206678],[12.3292741,52.1982421],[12.3300634,52.1862992],[12.3445584,52.1868667],[12.345936,52.1845513],[12.3607071,52.1853231],[12.3619563,52.1880283],[12.3729812,52.1874113],[12.3783694,52.2028298],[12.3864067,52.2024357],[12.4083316,52.1864442],[12.400391300000003,52.1946264],[12.4143323,52.1969097],[12.4351969,52.196027],[12.4417799,52.190288],[12.4432188,52.1789489],[12.427364,52.1552073],[12.421397,52.1563591],[12.4216148,52.1522338],[12.4100394,52.151893400000006],[12.4098603,52.1492635],[12.4015532,52.1507558],[12.3950931,52.1457429],[12.3664185,52.1447806],[12.3588908,52.13726710000001],[12.3458821,52.1376622],[12.3298632,52.1493734],[12.2994763,52.1558392],[12.2862097,52.1443013],[12.2559981,52.134761],[12.243153,52.1409383],[12.2316977,52.1548829],[12.2336795,52.1627983],[12.2213511,52.1658176],[12.2158611,52.1711315]]]},"properties":{"plz":"14828","note":"14828 G\u00f6rzke","qkm":75.321611,"einwohner":1316}},{"type":"Feature","geometry":{"type":"Polygon","coordinates":[[[12.7699232,51.9794377],[12.7703652,51.9821114],[12.815404600000003,51.989737],[12.8140013,51.9937115],[12.8444441,51.9971104],[12.8540584,52.01981630000001],[12.8628518,52.018618],[12.864079500000003,52.0233255],[12.8764891,52.0195306],[12.8816393,52.0256712],[12.8917357,52.0263763],[12.9043689,52.0352721],[12.918203700000001,52.0325548],[12.9402805,52.0337452],[12.9561076,52.0298396],[12.952668000000001,52.0275629],[12.9753681,52.023969],[12.9699779,52.0270175],[12.9713351,52.0315192],[12.9639946,52.0340286],[12.9679451,52.0363066],[12.9560532,52.0393856],[12.956751500000001,52.0569391],[12.960346600000001,52.0646479],[12.969845200000002,52.065174],[12.965051,52.0692699],[12.9710537,52.0717527],[12.9727547,52.0766836],[12.9694891,52.0789015],[12.9803565,52.0853019],[12.969497,52.0837378],[12.9713657,52.0867126],[12.9808979,52.0881804],[12.984691,52.0935216],[12.9951743,52.094534],[12.9990641,52.096028],[13.040345400000001,52.0843951],[13.0473433,52.09310000000001],[13.0539475,52.0923698],[13.055616000000002,52.0812644],[13.089814,52.0813175],[13.087402,52.0833743],[13.1039701,52.0857913],[13.1039708,52.0828157],[13.1253612,52.08519210000001],[13.1360439,52.0727967],[13.150733,52.070388],[13.1487623,52.0678139],[13.1509154,52.0703527],[13.1557906,52.0689793],[13.1523091,52.0683534],[13.1519036,52.062363500000004],[13.1431228,52.0579604],[13.1478824,52.0566687],[13.1470466,52.053983],[13.153971,52.0536403],[13.1583602,52.0489417],[13.1566843,52.0453073],[13.1701855,52.0419986],[13.1755531,52.0293621],[13.1883109,52.0268417],[13.2007939,52.022853],[13.2047443,52.0068681],[13.2110581,52.0031022],[13.2217103,52.0023612],[13.227815,51.9919915],[13.2343016,51.9902592],[13.2524634,51.9940685],[13.2524956,51.9854056],[13.2660934,51.9866092],[13.2736611,51.9838874],[13.273213,51.9813864],[13.2785761,51.9810822],[13.2785881,51.9776983],[13.3046824,51.9777002],[13.3041363,51.9745729],[13.2926726,51.9450079],[13.2735752,51.9450609],[13.2715582,51.9333165],[13.2912843,51.9320768],[13.291267100000002,51.9254186],[13.3109802,51.9083766],[13.3165187,51.9111116],[13.3368821,51.9038612],[13.3325176,51.8968638],[13.3312132,51.8773078],[13.3139537,51.855379600000006],[13.3134623,51.8448228],[13.3174577,51.8441685],[13.305097,51.8390817],[13.297404,51.8390536],[13.310210400000003,51.8305009],[13.303595,51.8188314],[13.2903731,51.8212718],[13.2814678,51.826683],[13.270844,51.820570700000005],[13.2585834,51.819849],[13.2357535,51.8286672],[13.235658,51.8341788],[13.228264000000001,51.8375264],[13.2206867,51.8563483],[13.2250458,51.8672011],[13.2325496,51.8694329],[13.2301539,51.878126200000004],[13.2128215,51.8789488],[13.2024061,51.876428],[13.1985665,51.8820712],[13.1915354,51.8844819],[13.1621879,51.8837417],[13.1629093,51.8604983],[13.1508301,51.8596982],[13.1494992,51.8723767],[13.1433637,51.8727182],[13.1387661,51.8795856],[13.1321519,51.8796],[13.1323568,51.8824742],[13.1187891,51.8831338],[13.1188615,51.8765788],[13.1132669,51.8747146],[13.0848831,51.8737745],[13.080397700000002,51.8673644],[13.0394518,51.87089040000001],[13.0269088,51.8810495],[13.0375713,51.8802329],[13.037430900000002,51.8908342],[13.0482244,51.8917312],[13.0455042,51.9006867],[13.0226753,51.9032702],[13.0219174,51.8966365],[13.0094433,51.9028118],[12.9893944,51.9041718],[12.9730658,51.9009989],[12.9765306,51.919889],[12.9562839,51.9227233],[12.960638400000002,51.9349328],[12.9169648,51.9393281],[12.9149381,51.9312473],[12.896212,51.9274525],[12.8902597,51.9283039],[12.8888155,51.9348281],[12.8528546,51.9350688],[12.8501915,51.9591089],[12.844325000000001,51.9675816],[12.812714,51.9625014],[12.7761176,51.9649351],[12.7767377,51.9758101],[12.7699232,51.9794377]]]},"properties":{"plz":"14913","note":"14913 J\u00fcterbog","qkm":568.596542,"einwohner":21726}},{"type":"Feature","geometry":{"type":"Polygon","coordinates":[[[12.7781979,52.0996119],[12.7943954,52.0973957],[12.8059546,52.09015],[12.8229893,52.0889644],[12.8293744,52.1081526],[12.8376914,52.1130271],[12.8451637,52.1131513],[12.8681942,52.1274924],[12.882037900000002,52.1308513],[12.8832232,52.1353244],[12.8787321,52.1387183],[12.8713356,52.1381204],[12.8547167,52.1507367],[12.8676299,52.1561332],[12.8704044,52.1589187],[12.864816800000002,52.1612605],[12.8789153,52.168506],[12.885319600000003,52.1781928],[12.8973209,52.177877],[12.895804900000002,52.1866767],[12.9021358,52.187528300000004],[12.9032273,52.1606231],[12.9088018,52.1605487],[12.909924,52.1521169],[12.9153571,52.1512743],[12.9180098,52.1411865],[12.9509821,52.1446807],[12.9540605,52.1601708],[12.9477818,52.1652412],[12.9543103,52.1658933],[12.9553236,52.1694949],[12.9859457,52.164494],[13.0098495,52.1664419],[13.0249362,52.1708885],[13.026818,52.1694141],[12.9793787,52.1471516],[12.9501388,52.143269800000006],[12.9628399,52.1300755],[12.9696593,52.1296604],[12.978508,52.1234043],[12.9753692,52.1137573],[12.9951743,52.094534],[12.984691,52.0935216],[12.9808979,52.0881804],[12.9713657,52.0867126],[12.969497,52.0837378],[12.9803565,52.0853019],[12.9694891,52.0789015],[12.9727547,52.0766836],[12.9710537,52.0717527],[12.965051,52.0692699],[12.969845200000002,52.065174],[12.960346600000001,52.0646479],[12.956751500000001,52.0569391],[12.9560532,52.0393856],[12.9679451,52.0363066],[12.9639946,52.0340286],[12.9713351,52.0315192],[12.9699779,52.0270175],[12.9753681,52.023969],[12.952668000000001,52.0275629],[12.9561076,52.0298396],[12.9402805,52.0337452],[12.918203700000001,52.0325548],[12.9043689,52.0352721],[12.8917357,52.0263763],[12.8816393,52.0256712],[12.8764891,52.0195306],[12.864079500000003,52.0233255],[12.8628518,52.018618],[12.8540584,52.01981630000001],[12.8444441,51.9971104],[12.8140013,51.9937115],[12.815404600000003,51.989737],[12.7703652,51.9821114],[12.7699232,51.9794377],[12.7630203,51.9802439],[12.7562435,51.9864987],[12.7429935,51.9892143],[12.7303955,51.988589],[12.711326,51.9971397],[12.711667,51.9997429],[12.6999615,52.00242],[12.7031426,52.0230779],[12.7111785,52.0233687],[12.717828300000003,52.0344265],[12.733436600000001,52.0385297],[12.731677,52.0457009],[12.7796414,52.0537307],[12.7812628,52.0566049],[12.7679823,52.05913400000001],[12.7542507,52.0674492],[12.7570678,52.0709363],[12.7663356,52.070184000000005],[12.7765254,52.0790157],[12.7781979,52.0996119]]]},"properties":{"plz":"14929","note":"14929 Treuenbrietzen","qkm":212.74297,"einwohner":7599}},{"type":"Feature","geometry":{"type":"Polygon","coordinates":[[[13.1883109,52.0268417],[13.1755531,52.0293621],[13.1701855,52.0419986],[13.1566843,52.0453073],[13.1583602,52.0489417],[13.153971,52.0536403],[13.1470466,52.053983],[13.1478824,52.0566687],[13.1431228,52.0579604],[13.1519036,52.062363500000004],[13.1523091,52.0683534],[13.1557906,52.0689793],[13.1509154,52.0703527],[13.1487623,52.0678139],[13.150733,52.070388],[13.1360439,52.0727967],[13.1253612,52.08519210000001],[13.1039708,52.0828157],[13.1039701,52.0857913],[13.0982617,52.0982819],[13.0801579,52.1097458],[13.0884337,52.120928],[13.099906,52.1239657],[13.1070392,52.13401850000001],[13.13352,52.1297468],[13.1345479,52.1231774],[13.1417148,52.1224528],[13.1523149,52.1133483],[13.1583571,52.1161911],[13.1721632,52.1108446],[13.1833212,52.1143366],[13.1866042,52.1110423],[13.1905349,52.1131489],[13.1988257,52.112359],[13.1999269,52.106372],[13.1926807,52.1039766],[13.1993261,52.101179],[13.1949538,52.095324],[13.1993755,52.09424870000001],[13.2013954,52.0973146],[13.2048344,52.09029],[13.2108862,52.0882445],[13.2060558,52.080424],[13.200698100000002,52.080511],[13.2062849,52.0739689],[13.2134088,52.0729138],[13.1943069,52.06818880000001],[13.1804069,52.0723598],[13.1729835,52.069896],[13.1743622,52.0665628],[13.1695064,52.0663979],[13.1708343,52.0613035],[13.1888612,52.0624932],[13.1907782,52.0455653],[13.1962223,52.0393516],[13.1883109,52.0268417]]]},"properties":{"plz":"14943","note":"14943 Luckenwalde","qkm":46.673265,"einwohner":20283}},{"type":"Feature","geometry":{"type":"Polygon","coordinates":[[[13.026818,52.1694141],[13.0492832,52.1798045],[13.060013500000002,52.1816353],[13.0586316,52.18490100000001],[13.082672800000001,52.1965403],[13.1101273,52.19220430000001],[13.1231735,52.1926779],[13.130297500000001,52.1896261],[13.1428477,52.1935501],[13.1434056,52.1967028],[13.149229200000002,52.19701],[13.1491802,52.2010955],[13.1752775,52.2033888],[13.174181,52.2081161],[13.1957116,52.2018133],[13.1892001,52.1923297],[13.1964796,52.1890214],[13.1982863,52.1779989],[13.2022607,52.172094],[13.2061072,52.1717715],[13.1923443,52.168511],[13.197018,52.1669018],[13.194621,52.1661671],[13.1953286,52.1624554],[13.1869632,52.1610605],[13.185572,52.1581867],[13.1966495,52.16124880000001],[13.1960722,52.165056],[13.201682,52.1657857],[13.208237200000001,52.1715583],[13.2040843,52.173101],[13.2150845,52.1779851],[13.2208448,52.1719943],[13.2166155,52.169838],[13.2206442,52.1687477],[13.2218367,52.1525125],[13.2579021,52.1542416],[13.2676494,52.1515346],[13.269383,52.1579219],[13.2635434,52.1700256],[13.2892019,52.17099600000001],[13.3066769,52.1744984],[13.3194546,52.1767981],[13.3256701,52.1656738],[13.3245614,52.1499029],[13.2981975,52.11716450000001],[13.3161212,52.1062187],[13.3116977,52.0989168],[13.3054199,52.0990889],[13.3064157,52.090353],[13.3015861,52.0893167],[13.3279609,52.0867521],[13.3729538,52.0889409],[13.3730935,52.081653],[13.368183,52.0812778],[13.373442300000002,52.0661913],[13.3670898,52.065444],[13.3814279,52.0638709],[13.400770000000001,52.0657254],[13.407755900000002,52.0629849],[13.4061482,52.0452751],[13.4104436,52.0431875],[13.414706,52.0321348],[13.408968500000002,52.0173125],[13.3970262,52.0142315],[13.39757,52.0048161],[13.381544600000002,52.0071788],[13.3807148,52.0146157],[13.3721517,52.0140295],[13.3588348,52.017365],[13.3569919,52.0094986],[13.3500074,52.006479],[13.3368064,52.0082367],[13.3269041,52.0060169],[13.3319914,52.0000634],[13.3096953,52.0060302],[13.3069338,51.9945412],[13.3121815,51.9945703],[13.3111405,51.9900098],[13.3024459,51.9899094],[13.3035894,51.9862434],[13.2867752,51.9875707],[13.2785761,51.9810822],[13.273213,51.9813864],[13.2736611,51.9838874],[13.2660934,51.9866092],[13.2524956,51.9854056],[13.2524634,51.9940685],[13.2343016,51.9902592],[13.227815,51.9919915],[13.2217103,52.0023612],[13.2110581,52.0031022],[13.2047443,52.0068681],[13.2007939,52.022853],[13.1883109,52.0268417],[13.1962223,52.0393516],[13.1907782,52.0455653],[13.1888612,52.0624932],[13.1708343,52.0613035],[13.1695064,52.0663979],[13.1743622,52.0665628],[13.1729835,52.069896],[13.1804069,52.0723598],[13.1943069,52.06818880000001],[13.2134088,52.0729138],[13.2062849,52.0739689],[13.200698100000002,52.080511],[13.2060558,52.080424],[13.2108862,52.0882445],[13.2048344,52.09029],[13.2013954,52.0973146],[13.1993755,52.09424870000001],[13.1949538,52.095324],[13.1993261,52.101179],[13.1926807,52.1039766],[13.1999269,52.106372],[13.1988257,52.112359],[13.1905349,52.1131489],[13.1866042,52.1110423],[13.1833212,52.1143366],[13.1721632,52.1108446],[13.1583571,52.1161911],[13.1523149,52.1133483],[13.1417148,52.1224528],[13.1345479,52.1231774],[13.13352,52.1297468],[13.1070392,52.13401850000001],[13.099906,52.1239657],[13.0884337,52.120928],[13.0801579,52.1097458],[13.0982617,52.0982819],[13.1039701,52.0857913],[13.087402,52.0833743],[13.089814,52.0813175],[13.055616000000002,52.0812644],[13.0539475,52.0923698],[13.0473433,52.09310000000001],[13.040345400000001,52.0843951],[12.9990641,52.096028],[12.9951743,52.094534],[12.9753692,52.1137573],[12.978508,52.1234043],[12.9696593,52.1296604],[12.9628399,52.1300755],[12.9501388,52.143269800000006],[12.9793787,52.1471516],[13.026818,52.1694141]]]},"properties":{"plz":"14947","note":"14947 Nuthe-Urstromtal","qkm":341.867742,"einwohner":6559}},{"type":"Feature","geometry":{"type":"Polygon","coordinates":[[[13.082672800000001,52.1965403],[13.1019548,52.225479500000006],[13.112707300000002,52.2321858],[13.1136502,52.2367506],[13.1053422,52.2436819],[13.1103172,52.2477815],[13.1162534,52.2521977],[13.1143447,52.2549464],[13.1146698,52.2555547],[13.1188442,52.2575214],[13.125035,52.2558886],[13.1342684,52.2632468],[13.1405355,52.2633199],[13.139729,52.2562259],[13.1454153,52.2526136],[13.149132700000001,52.2533213],[13.1516915,52.245133],[13.1829872,52.2496231],[13.190762,52.2555379],[13.1796032,52.2627883],[13.1875997,52.2638116],[13.185967,52.2671794],[13.2030724,52.272724000000004],[13.2150025,52.2655376],[13.242712,52.2731901],[13.268024400000002,52.2622938],[13.270472900000001,52.2517273],[13.2856841,52.2571716],[13.2900829,52.2548204],[13.2921428,52.2573555],[13.2965416,52.2502622],[13.308,52.2510504],[13.3013579,52.2409121],[13.3100847,52.2370495],[13.3106362,52.2312857],[13.3074851,52.232914],[13.3067352,52.227379],[13.2983673,52.2284867],[13.2917839,52.225459],[13.314424000000002,52.21538170000001],[13.3255257,52.2147319],[13.3299417,52.21180780000001],[13.3285126,52.2077015],[13.318649,52.21248070000001],[13.3136789,52.2052096],[13.3081256,52.2062708],[13.306471,52.2041444],[13.3040015,52.199443],[13.3190909,52.1966826],[13.3192111,52.1887759],[13.3152833,52.1858232],[13.3190469,52.1801882],[13.3111913,52.1829183],[13.3066769,52.1744984],[13.2892019,52.17099600000001],[13.2635434,52.1700256],[13.269383,52.1579219],[13.2676494,52.1515346],[13.2579021,52.1542416],[13.2218367,52.1525125],[13.2206442,52.1687477],[13.2166155,52.169838],[13.2208448,52.1719943],[13.2150845,52.1779851],[13.2040843,52.173101],[13.208237200000001,52.1715583],[13.201682,52.1657857],[13.1960722,52.165056],[13.1966495,52.16124880000001],[13.185572,52.1581867],[13.1869632,52.1610605],[13.1953286,52.1624554],[13.194621,52.1661671],[13.197018,52.1669018],[13.1923443,52.168511],[13.2061072,52.1717715],[13.2022607,52.172094],[13.1982863,52.1779989],[13.1964796,52.1890214],[13.1892001,52.1923297],[13.1957116,52.2018133],[13.174181,52.2081161],[13.1752775,52.2033888],[13.1491802,52.2010955],[13.149229200000002,52.19701],[13.1434056,52.1967028],[13.1428477,52.1935501],[13.130297500000001,52.1896261],[13.1231735,52.1926779],[13.1101273,52.19220430000001],[13.082672800000001,52.1965403]]]},"properties":{"plz":"14959","note":"14959 Trebbin","qkm":126.622163,"einwohner":9258}},{"type":"Feature","geometry":{"type":"Polygon","coordinates":[[[13.1716985,52.319316],[13.1822669,52.3208458],[13.182925000000001,52.3246729],[13.1948878,52.32833],[13.2012901,52.3290499],[13.2228334,52.323738500000005],[13.2529479,52.3320381],[13.2544629,52.328678100000005],[13.2403594,52.3218897],[13.24757,52.317284900000004],[13.2640463,52.3314894],[13.298915000000001,52.3388974],[13.3070045,52.3340725],[13.3383327,52.3288668],[13.3450413,52.3218188],[13.3498059,52.3257018],[13.3501988,52.3163023],[13.3435255,52.3175878],[13.3445407,52.3099369],[13.3676654,52.2906641],[13.393285800000001,52.2872909],[13.3920413,52.2820009],[13.3694548,52.269477],[13.3616411,52.2566298],[13.3385987,52.2579859],[13.337294,52.2548236],[13.3305917,52.2543376],[13.3282475,52.2487408],[13.308,52.2510504],[13.2965416,52.2502622],[13.2921428,52.2573555],[13.2900829,52.2548204],[13.2856841,52.2571716],[13.270472900000001,52.2517273],[13.268024400000002,52.2622938],[13.242712,52.2731901],[13.2150025,52.2655376],[13.2030724,52.272724000000004],[13.185967,52.2671794],[13.1875997,52.2638116],[13.1796032,52.2627883],[13.190762,52.2555379],[13.1829872,52.2496231],[13.1516915,52.245133],[13.149132700000001,52.2533213],[13.1454153,52.2526136],[13.139729,52.2562259],[13.1405355,52.2633199],[13.1547682,52.2693313],[13.1628418,52.2773235],[13.1553208,52.281337],[13.1524071,52.2888891],[13.1432875,52.28977090000001],[13.1375152,52.2956382],[13.1430873,52.297621],[13.1428259,52.3005661],[13.1489886,52.2950122],[13.163629,52.2994422],[13.1723489,52.2981172],[13.1764756,52.3020371],[13.1613583,52.311004],[13.1646866,52.3179609],[13.1681661,52.3166451],[13.1716985,52.319316]]]},"properties":{"plz":"14974","note":"14974 Ludwigsfelde","qkm":110.174831,"einwohner":23680}},{"type":"Feature","geometry":{"type":"Polygon","coordinates":[[[13.2529479,52.3320381],[13.2543053,52.3476174],[13.2512977,52.3500011],[13.2750788,52.355353],[13.2913732,52.3691013],[13.2956567,52.3807181],[13.306063700000001,52.3816742],[13.3096814,52.3855119],[13.3120822,52.3991392],[13.3272543,52.4057028],[13.343314,52.4112654],[13.3430865,52.40767540000001],[13.3526866,52.4020056],[13.3614078,52.397667],[13.3719542,52.393792700000006],[13.3704488,52.3884648],[13.387264,52.3885779],[13.3884366,52.377865],[13.3778119,52.3679214],[13.3725829,52.3685304],[13.371287700000002,52.3646275],[13.3806741,52.360568],[13.3832109,52.3548419],[13.3782346,52.3353562],[13.359685,52.3326099],[13.3498059,52.3257018],[13.3450413,52.3218188],[13.3383327,52.3288668],[13.3070045,52.3340725],[13.298915000000001,52.3388974],[13.2640463,52.3314894],[13.24757,52.317284900000004],[13.2403594,52.3218897],[13.2544629,52.328678100000005],[13.2529479,52.3320381]]]},"properties":{"plz":"14979","note":"14979 Gro\u00dfbeeren","qkm":51.779184,"einwohner":7640}},{"type":"Feature","geometry":{"type":"Polygon","coordinates":[[[14.5523081,52.3543495],[14.5626074,52.339391],[14.5614399,52.3278059],[14.5763718,52.3211409],[14.559199400000002,52.3160787],[14.5519137,52.3177389],[14.550554699999998,52.3222772],[14.5499317,52.3327201],[14.5393698,52.3397804],[14.5404133,52.34314330000001],[14.530191399999998,52.3436502],[14.5253606,52.3505155],[14.5348607,52.3515555],[14.536534200000002,52.3498068],[14.5477406,52.3555287],[14.5523081,52.3543495]]]},"properties":{"plz":"15230","note":"15230 Frankfurt/ Oder","qkm":5.379023,"einwohner":16879}},{"type":"Feature","geometry":{"type":"Polygon","coordinates":[[[14.5364506,52.3370305],[14.5393698,52.3397804],[14.5499317,52.3327201],[14.550554699999998,52.3222772],[14.5501889,52.31944],[14.5430928,52.3210753],[14.5334467,52.3182233],[14.5308874,52.3236876],[14.5344818,52.3303623],[14.5297762,52.3327378],[14.5364506,52.3370305]]]},"properties":{"plz":"15232","note":"15232 Frankfurt/ Oder","qkm":2.245987,"einwohner":10015}},{"type":"Feature","geometry":{"type":"Polygon","coordinates":[[[14.3957615,52.2987655],[14.404198300000001,52.3148605],[14.4360441,52.3417304],[14.4078394,52.35383],[14.423962700000002,52.3739876],[14.4313188,52.3942553],[14.4541165,52.3980721],[14.4750645,52.397949],[14.475381900000002,52.3953337],[14.4807955,52.3973255],[14.511381400000001,52.39095340000001],[14.529339,52.3923959],[14.534376200000002,52.3949997],[14.551473399999999,52.375667],[14.5523081,52.3543495],[14.5477406,52.3555287],[14.536534200000002,52.3498068],[14.5348607,52.3515555],[14.5253606,52.3505155],[14.530191399999998,52.3436502],[14.5404133,52.34314330000001],[14.5393698,52.3397804],[14.5364506,52.3370305],[14.529956400000001,52.3382178],[14.5240277,52.334431],[14.5229526,52.3370849],[14.5147085,52.3379109],[14.5048237,52.3308486],[14.498388600000002,52.3326387],[14.502099200000002,52.3297315],[14.4762257,52.3150051],[14.4359278,52.283275100000004],[14.4299837,52.2706563],[14.4068675,52.270123000000005],[14.405855700000002,52.26633330000001],[14.399271,52.2683287],[14.396731699999998,52.2666397],[14.402517100000003,52.2848138],[14.397859299999999,52.2851133],[14.4039497,52.2940891],[14.3957615,52.2987655]]]},"properties":{"plz":"15234","note":"15234 Frankfurt/ Oder","qkm":83.407792,"einwohner":19126}},{"type":"Feature","geometry":{"type":"MultiPolygon","coordinates":[[[[14.4299837,52.2706563],[14.4359278,52.283275100000004],[14.4762257,52.3150051],[14.502099200000002,52.3297315],[14.498388600000002,52.3326387],[14.5048237,52.3308486],[14.5147085,52.3379109],[14.5229526,52.3370849],[14.5240277,52.334431],[14.529956400000001,52.3382178],[14.5364506,52.3370305],[14.5297762,52.3327378],[14.5344818,52.3303623],[14.5308874,52.3236876],[14.5334467,52.3182233],[14.5430928,52.3210753],[14.5501889,52.31944],[14.550554699999998,52.3222772],[14.5519137,52.3177389],[14.559199400000002,52.3160787],[14.5763718,52.3211409],[14.5850328,52.3045668],[14.574497600000003,52.2952201],[14.5752882,52.2890477],[14.588256,52.2828982],[14.5940608,52.2738343],[14.6008948,52.2720045],[14.5970046,52.271079400000005],[14.5979501,52.2678544],[14.591027500000001,52.268979],[14.575959600000001,52.2870972],[14.5820171,52.2769153],[14.5673689,52.2757622],[14.5529216,52.2705585],[14.548859800000002,52.26511870000001],[14.553592700000001,52.26269210000001],[14.5494005,52.2612775],[14.533311,52.2631448],[14.534920700000002,52.2560518],[14.518068900000001,52.262305],[14.501778100000001,52.2628568],[14.5073606,52.2547714],[14.492014900000001,52.2528709],[14.479146500000002,52.2622085],[14.4761881,52.2611285],[14.478040099999998,52.2712246],[14.4671895,52.2761181],[14.451127100000003,52.273324],[14.450965200000002,52.2709467],[14.4299837,52.2706563]]],[[[14.329294100000002,52.3773717],[14.349634000000002,52.3739688],[14.3558958,52.381838],[14.370576399999997,52.3874915],[14.3773132,52.3998901],[14.3733865,52.4018539],[14.378235900000002,52.4012386],[14.379498,52.406377600000006],[14.385286,52.407511],[14.404727,52.409598],[14.4281432,52.40382220000001],[14.4313188,52.3942553],[14.423962700000002,52.3739876],[14.4078394,52.35383],[14.4360441,52.3417304],[14.404198300000001,52.3148605],[14.358018100000002,52.3216091],[14.3349257,52.3138402],[14.3293368,52.3163172],[14.327944299999999,52.31424470000001],[14.315289800000002,52.3166285],[14.317266,52.3222573],[14.3126666,52.3278067],[14.320597300000001,52.32956320000001],[14.3160655,52.3356362],[14.3201575,52.3384511],[14.3202165,52.3446258],[14.3014142,52.361082],[14.3075178,52.365239],[14.3035482,52.3691093],[14.308900000000001,52.375400000000006],[14.329294100000002,52.3773717]]]]},"properties":{"plz":"15236","note":"15236 Treplin, Jacobsdorf, Frankfurt (Oder)","qkm":119.23733,"einwohner":15475}},{"type":"Feature","geometry":{"type":"Polygon","coordinates":[[[14.4761881,52.2611285],[14.479146500000002,52.2622085],[14.492014900000001,52.2528709],[14.5073606,52.2547714],[14.501778100000001,52.2628568],[14.518068900000001,52.262305],[14.534920700000002,52.2560518],[14.533311,52.2631448],[14.5494005,52.2612775],[14.553592700000001,52.26269210000001],[14.548859800000002,52.26511870000001],[14.5529216,52.2705585],[14.5673689,52.2757622],[14.5820171,52.2769153],[14.575959600000001,52.2870972],[14.591027500000001,52.268979],[14.5979501,52.2678544],[14.5970046,52.271079400000005],[14.6008948,52.2720045],[14.619519700000001,52.2707468],[14.6407805,52.2638597],[14.689475,52.2567582],[14.698805700000001,52.2523481],[14.7162257,52.2348812],[14.704570899999998,52.2074791],[14.6982905,52.2090505],[14.6935614,52.2151989],[14.6806469,52.2141511],[14.676778699999998,52.2081764],[14.665953200000002,52.2044326],[14.667393400000002,52.2012102],[14.6374844,52.1945498],[14.6311478,52.1973351],[14.6189104,52.1966586],[14.586765100000001,52.2279028],[14.584967600000002,52.2253447],[14.603040599999998,52.208901],[14.5948296,52.20922],[14.580513999999999,52.217759],[14.566081,52.215765],[14.559792999999999,52.21732],[14.555135399999998,52.2241741],[14.529303999999998,52.220396],[14.526194,52.227325],[14.4642119,52.2423354],[14.4677229,52.2431047],[14.4641669,52.2449558],[14.454400100000003,52.2448701],[14.4535957,52.247047],[14.4632498,52.2474053],[14.466969299999999,52.2535176],[14.475661800000001,52.253371],[14.478575100000002,52.2555802],[14.4761881,52.2611285]]]},"properties":{"plz":"15295","note":"15295 Brieskow-Finkenheerd","qkm":87.699051,"einwohner":7167}},{"type":"Feature","geometry":{"type":"Polygon","coordinates":[[[14.315289800000002,52.3166285],[14.327944299999999,52.31424470000001],[14.337664600000002,52.3121469],[14.335239,52.3089236],[14.339304999999998,52.3095131],[14.35759,52.2890067],[14.3713969,52.2814652],[14.3957615,52.2987655],[14.4039497,52.2940891],[14.397859299999999,52.2851133],[14.402517100000003,52.2848138],[14.396731699999998,52.2666397],[14.399271,52.2683287],[14.405855700000002,52.26633330000001],[14.4068675,52.270123000000005],[14.4299837,52.2706563],[14.450965200000002,52.2709467],[14.451127100000003,52.273324],[14.4671895,52.2761181],[14.478040099999998,52.2712246],[14.4761881,52.2611285],[14.478575100000002,52.2555802],[14.475661800000001,52.253371],[14.466969299999999,52.2535176],[14.4632498,52.2474053],[14.4535957,52.247047],[14.454400100000003,52.2448701],[14.4641669,52.2449558],[14.4677229,52.2431047],[14.4642119,52.2423354],[14.526194,52.227325],[14.529303999999998,52.220396],[14.4833484,52.2255929],[14.4448623,52.2268417],[14.423487100000001,52.2352875],[14.429761500000001,52.231499500000005],[14.425814799999998,52.21800240000001],[14.418639400000002,52.2201804],[14.421938400000002,52.2177321],[14.4203661,52.2127787],[14.4283903,52.2072196],[14.4283238,52.2010181],[14.434517700000002,52.1994294],[14.4326,52.1932],[14.4369717,52.1873397],[14.436831500000002,52.1848273],[14.430638,52.1831554],[14.4269741,52.1739564],[14.433112399999999,52.1683721],[14.431276400000002,52.1660594],[14.442489,52.1619178],[14.443842500000002,52.1550342],[14.4496222,52.1537908],[14.447922200000002,52.144918200000006],[14.453531399999997,52.1416324],[14.4510051,52.1356626],[14.4557127,52.1346516],[14.455244800000001,52.1384429],[14.4607875,52.1366735],[14.46859,52.1247056],[14.465975399999998,52.1198978],[14.481034700000002,52.1119964],[14.476399100000002,52.1086496],[14.4785724,52.1006365],[14.486542299999998,52.0940226],[14.4839733,52.0889903],[14.4852955,52.0810264],[14.4803158,52.0759287],[14.489247500000001,52.0706231],[14.479607400000003,52.0588682],[14.482996600000002,52.0576962],[14.466694100000002,52.0486646],[14.4699081,52.0550814],[14.461620499999999,52.0551834],[14.457398700000002,52.0592082],[14.4511674,52.06004200000001],[14.445716,52.0697849],[14.4510402,52.0746564],[14.438503000000003,52.079046],[14.4539046,52.07609490000001],[14.463586300000001,52.0898441],[14.452987299999998,52.1089037],[14.445299999999998,52.1105],[14.436735000000002,52.1084418],[14.4310487,52.1142067],[14.421628800000002,52.1164451],[14.4181419,52.1129908],[14.4046423,52.1321743],[14.4100939,52.1395703],[14.4101526,52.148230700000006],[14.406413599999999,52.1364416],[14.4017617,52.133505],[14.387099400000002,52.1386871],[14.3743095,52.1489473],[14.360854500000002,52.1690316],[14.3620702,52.1754485],[14.3703527,52.1778076],[14.3770416,52.1878174],[14.375142600000002,52.1916888],[14.3899835,52.2176495],[14.3844549,52.2201814],[14.369139500000001,52.2205994],[14.3665,52.2275],[14.3697929,52.2324958],[14.325107300000003,52.2437951],[14.3232784,52.254497],[14.3348,52.2552],[14.332765700000001,52.2692819],[14.3438068,52.27005690000001],[14.3432303,52.2729345],[14.3189526,52.2812205],[14.3102632,52.2785903],[14.3182401,52.2813877],[14.3273907,52.2818606],[14.323,52.2921],[14.3174457,52.2947275],[14.315289800000002,52.3166285]]]},"properties":{"plz":"15299","note":"15299 M\u00fcllrose","qkm":128.123999,"einwohner":5896}},{"type":"Feature","geometry":{"type":"Polygon","coordinates":[[[14.2192427,52.4937398],[14.2437316,52.4973295],[14.2591175,52.514117],[14.2540589,52.5166039],[14.2558386,52.520813],[14.2511127,52.5239852],[14.2498231,52.5286262],[14.253900100000001,52.5301065],[14.2410924,52.5445602],[14.2391183,52.54748320000001],[14.2602857,52.5676319],[14.301355,52.5602471],[14.3051966,52.5624407],[14.2819139,52.5791847],[14.2954539,52.5852052],[14.2880951,52.5997112],[14.293009,52.60159440000001],[14.298129,52.5988908],[14.30748,52.6078677],[14.3130269,52.6172004],[14.3207795,52.619077],[14.3436341,52.6117069],[14.343108399999998,52.607229200000006],[14.350448,52.6066473],[14.3512033,52.6110196],[14.3891001,52.6066473],[14.3939377,52.6000578],[14.3924132,52.5927959],[14.405830699999997,52.5894152],[14.413108499999998,52.5951698],[14.4317971,52.5844582],[14.435882600000001,52.5882285],[14.435766799999998,52.5819022],[14.446857199999998,52.5817614],[14.447052399999999,52.5788107],[14.4542424,52.576865],[14.4614522,52.5797011],[14.4702961,52.5741683],[14.4582871,52.5694004],[14.464270500000001,52.564815],[14.4425834,52.563762],[14.4484622,52.5633865],[14.449859099999998,52.5554565],[14.441637599999998,52.5547977],[14.4507753,52.5486146],[14.4525409,52.5364282],[14.4493625,52.5328559],[14.452555899999998,52.5256043],[14.443914900000001,52.5225454],[14.447189400000001,52.5202358],[14.4448204,52.5173619],[14.45453,52.5136117],[14.4641277,52.5227193],[14.5044384,52.5290664],[14.510680500000001,52.5221263],[14.5158732,52.5237479],[14.5209565,52.5157441],[14.5099015,52.5104605],[14.5115163,52.508096],[14.5065823,52.5077829],[14.504625,52.50353090000001],[14.4982859,52.5030212],[14.5122684,52.4933188],[14.507777200000001,52.4894441],[14.490933000000002,52.4823305],[14.488682100000002,52.4866257],[14.474354800000002,52.4878291],[14.4764233,52.4831499],[14.4700697,52.4812472],[14.476564900000001,52.469896],[14.4686041,52.4641638],[14.4646087,52.45526],[14.4574267,52.4556321],[14.453602900000002,52.4511743],[14.4663273,52.447732300000006],[14.4658531,52.4413516],[14.4593718,52.4415694],[14.448078700000002,52.4365052],[14.432511300000002,52.4361349],[14.396643,52.444136],[14.3967562,52.4484808],[14.3861041,52.4487753],[14.3734269,52.4532359],[14.375166,52.4577349],[14.358440800000002,52.4595817],[14.3486282,52.4537893],[14.3437499,52.4436184],[14.364831,52.4383353],[14.3686655,52.4282004],[14.366660200000002,52.4241298],[14.3561642,52.4266492],[14.3510455,52.4228566],[14.363386900000002,52.4146839],[14.3736748,52.4135531],[14.378387900000002,52.4089386],[14.3735256,52.4051594],[14.364729,52.4061203],[14.331291599999998,52.4186441],[14.325901400000001,52.4141754],[14.3279817,52.409222],[14.3214253,52.4087573],[14.3207965,52.4032931],[14.3020587,52.40371290000001],[14.2812774,52.4092472],[14.2777356,52.419638],[14.284899,52.424924000000004],[14.2831934,52.4334665],[14.27713,52.445681],[14.2708859,52.4491566],[14.2753788,52.4628361],[14.2548431,52.4693607],[14.2293525,52.4902169],[14.2192427,52.4937398]]]},"properties":{"plz":"15306","note":"15306 Seelow, Lietzen u.a.","qkm":270.727507,"einwohner":11790}},{"type":"Feature","geometry":{"type":"Polygon","coordinates":[[[14.1303515,52.6500393],[14.1507234,52.6530945],[14.1590374,52.638751],[14.176976800000002,52.6468587],[14.1733966,52.6539462],[14.1929969,52.6638652],[14.1773266,52.6763889],[14.1788094,52.6801187],[14.198162,52.67543],[14.203859,52.6767844],[14.2090775,52.680904500000004],[14.2099444,52.6911932],[14.2261021,52.6903322],[14.2363846,52.6861584],[14.2374746,52.6898601],[14.2158401,52.7005882],[14.203340000000003,52.7030941],[14.1983806,52.7104972],[14.2061767,52.7119441],[14.2059154,52.7099704],[14.2221471,52.7095908],[14.2196993,52.7114504],[14.2270958,52.7156099],[14.2768628,52.7062779],[14.2697216,52.6978959],[14.3061224,52.6711917],[14.2916085,52.6632506],[14.2791523,52.660105],[14.2812723,52.6555033],[14.2781588,52.6544561],[14.2885465,52.6457445],[14.2737412,52.6509929],[14.2825877,52.6447707],[14.279398,52.6419479],[14.2708096,52.643735],[14.27061,52.641174500000005],[14.295913000000002,52.6315333],[14.289856,52.61110610000001],[14.30748,52.6078677],[14.298129,52.5988908],[14.293009,52.60159440000001],[14.2880951,52.5997112],[14.2954539,52.5852052],[14.2819139,52.5791847],[14.3051966,52.5624407],[14.301355,52.5602471],[14.2602857,52.5676319],[14.2391183,52.54748320000001],[14.2410924,52.5445602],[14.2237189,52.5488598],[14.222839,52.546418],[14.2137016,52.5473853],[14.2175211,52.562669],[14.2095092,52.5774081],[14.2146029,52.5805877],[14.1999365,52.5894271],[14.1797626,52.5913573],[14.176857200000002,52.6011778],[14.1790475,52.6073414],[14.1733113,52.6079877],[14.1580404,52.6379268],[14.1543447,52.6373037],[14.1303515,52.6500393]]]},"properties":{"plz":"15320","note":"15320 Neutrebbin, Neuhardenberg","qkm":115.37443,"einwohner":4031}},{"type":"Feature","geometry":{"type":"Polygon","coordinates":[[[14.2768628,52.7062779],[14.2793823,52.7122787],[14.2929961,52.7176676],[14.3004591,52.7176036],[14.3065788,52.7255436],[14.3236811,52.7358501],[14.3311817,52.7443999],[14.325677500000001,52.7608542],[14.350431100000002,52.751291],[14.362662000000002,52.740224],[14.374249100000002,52.7358276],[14.386488600000002,52.7229372],[14.4250523,52.6947366],[14.432705200000001,52.68163530000001],[14.453385000000003,52.6760631],[14.465229600000002,52.6614111],[14.498175899999998,52.647035],[14.4817758,52.6387841],[14.484425800000002,52.6365314],[14.4777933,52.6373032],[14.4827372,52.6320649],[14.4793823,52.6296333],[14.4735597,52.6368852],[14.4742475,52.6461213],[14.4354971,52.6410084],[14.431906100000003,52.6446097],[14.428699300000002,52.643102000000006],[14.4318803,52.639073200000006],[14.4281765,52.6118718],[14.4264203,52.6085006],[14.418811400000001,52.6098231],[14.4112712,52.5976215],[14.413108499999998,52.5951698],[14.405830699999997,52.5894152],[14.3924132,52.5927959],[14.3939377,52.6000578],[14.3891001,52.6066473],[14.3512033,52.6110196],[14.350448,52.6066473],[14.343108399999998,52.607229200000006],[14.3436341,52.6117069],[14.3207795,52.619077],[14.3130269,52.6172004],[14.30748,52.6078677],[14.289856,52.61110610000001],[14.295913000000002,52.6315333],[14.27061,52.641174500000005],[14.2708096,52.643735],[14.279398,52.6419479],[14.2825877,52.6447707],[14.2737412,52.6509929],[14.2885465,52.6457445],[14.2781588,52.6544561],[14.2812723,52.6555033],[14.2791523,52.660105],[14.2916085,52.6632506],[14.3061224,52.6711917],[14.2697216,52.6978959],[14.2768628,52.7062779]]]},"properties":{"plz":"15324","note":"15324 Letschin","qkm":142.252486,"einwohner":4352}},{"type":"Feature","geometry":{"type":"Polygon","coordinates":[[[14.3207965,52.4032931],[14.3214253,52.4087573],[14.3279817,52.409222],[14.325901400000001,52.4141754],[14.331291599999998,52.4186441],[14.364729,52.4061203],[14.3735256,52.4051594],[14.378387900000002,52.4089386],[14.3736748,52.4135531],[14.363386900000002,52.4146839],[14.3510455,52.4228566],[14.3561642,52.4266492],[14.366660200000002,52.4241298],[14.3686655,52.4282004],[14.364831,52.4383353],[14.3437499,52.4436184],[14.3486282,52.4537893],[14.358440800000002,52.4595817],[14.375166,52.4577349],[14.3734269,52.4532359],[14.3861041,52.4487753],[14.3967562,52.4484808],[14.396643,52.444136],[14.432511300000002,52.4361349],[14.448078700000002,52.4365052],[14.4593718,52.4415694],[14.4658531,52.4413516],[14.4663273,52.447732300000006],[14.453602900000002,52.4511743],[14.4574267,52.4556321],[14.4646087,52.45526],[14.4686041,52.4641638],[14.476564900000001,52.469896],[14.4700697,52.4812472],[14.4764233,52.4831499],[14.474354800000002,52.4878291],[14.488682100000002,52.4866257],[14.490933000000002,52.4823305],[14.507777200000001,52.4894441],[14.5122684,52.4933188],[14.4982859,52.5030212],[14.504625,52.50353090000001],[14.519609299999999,52.5028093],[14.5384479,52.4980999],[14.5384479,52.5000613],[14.548935300000002,52.502048],[14.558455000000002,52.4940201],[14.565533899999998,52.4922811],[14.565124,52.4833948],[14.5724677,52.4808506],[14.565993900000002,52.4713241],[14.594833,52.4698092],[14.5985581,52.4761],[14.611260999999999,52.4712222],[14.6087608,52.4638329],[14.578825400000001,52.4415686],[14.5594594,52.4390887],[14.5481154,52.4323373],[14.543961200000002,52.425505],[14.5465301,52.4126915],[14.534376200000002,52.3949997],[14.529339,52.3923959],[14.511381400000001,52.39095340000001],[14.4807955,52.3973255],[14.475381900000002,52.3953337],[14.4750645,52.397949],[14.4541165,52.3980721],[14.4313188,52.3942553],[14.4281432,52.40382220000001],[14.404727,52.409598],[14.385286,52.407511],[14.379498,52.406377600000006],[14.378235900000002,52.4012386],[14.3733865,52.4018539],[14.3773132,52.3998901],[14.370576399999997,52.3874915],[14.3558958,52.381838],[14.349634000000002,52.3739688],[14.329294100000002,52.3773717],[14.3140591,52.3821085],[14.327517200000003,52.4029385],[14.3207965,52.4032931]]]},"properties":{"plz":"15326","note":"15326 Zeschdorf, Podelzig, Lebus","qkm":120.58745,"einwohner":5469}},{"type":"Feature","geometry":{"type":"Polygon","coordinates":[[[14.498175899999998,52.647035],[14.5673192,52.6236888],[14.5962113,52.6106429],[14.609414,52.5980025],[14.6142877,52.5862639],[14.639013600000002,52.5733174],[14.637479000000003,52.5665272],[14.6169024,52.5558222],[14.6136653,52.5447224],[14.604178,52.53314060000001],[14.612297400000001,52.5107862],[14.629926,52.5031952],[14.635349399999999,52.4959741],[14.6283757,52.4855142],[14.6128203,52.476832],[14.611260999999999,52.4712222],[14.5985581,52.4761],[14.594833,52.4698092],[14.565993900000002,52.4713241],[14.5724677,52.4808506],[14.565124,52.4833948],[14.565533899999998,52.4922811],[14.558455000000002,52.4940201],[14.548935300000002,52.502048],[14.5384479,52.5000613],[14.5384479,52.4980999],[14.519609299999999,52.5028093],[14.504625,52.50353090000001],[14.5065823,52.5077829],[14.5115163,52.508096],[14.5099015,52.5104605],[14.5209565,52.5157441],[14.5158732,52.5237479],[14.510680500000001,52.5221263],[14.5044384,52.5290664],[14.4641277,52.5227193],[14.45453,52.5136117],[14.4448204,52.5173619],[14.447189400000001,52.5202358],[14.443914900000001,52.5225454],[14.452555899999998,52.5256043],[14.4493625,52.5328559],[14.4525409,52.5364282],[14.4507753,52.5486146],[14.441637599999998,52.5547977],[14.449859099999998,52.5554565],[14.4484622,52.5633865],[14.4425834,52.563762],[14.464270500000001,52.564815],[14.4582871,52.5694004],[14.4702961,52.5741683],[14.4614522,52.5797011],[14.4542424,52.576865],[14.447052399999999,52.5788107],[14.446857199999998,52.5817614],[14.435766799999998,52.5819022],[14.435882600000001,52.5882285],[14.4317971,52.5844582],[14.413108499999998,52.5951698],[14.4112712,52.5976215],[14.418811400000001,52.6098231],[14.4264203,52.6085006],[14.4281765,52.6118718],[14.4318803,52.639073200000006],[14.428699300000002,52.643102000000006],[14.431906100000003,52.6446097],[14.4354971,52.6410084],[14.4742475,52.6461213],[14.4735597,52.6368852],[14.4793823,52.6296333],[14.4827372,52.6320649],[14.4777933,52.6373032],[14.484425800000002,52.6365314],[14.4817758,52.6387841],[14.498175899999998,52.647035]]]},"properties":{"plz":"15328","note":"15328 Golzow, Zechin u.a.","qkm":176.096841,"einwohner":6179}},{"type":"Feature","geometry":{"type":"Polygon","coordinates":[[[13.8131493,52.52333230000001],[13.8181114,52.53238530000001],[13.8278339,52.5326981],[13.8294872,52.536914],[13.837168,52.5383681],[13.838519,52.5460394],[13.8513936,52.5514465],[13.8424844,52.5515196],[13.8316008,52.5570991],[13.8320656,52.5629892],[13.8260377,52.5673212],[13.8267506,52.5821378],[13.8354449,52.5928253],[13.8337174,52.6032331],[13.8822761,52.600669],[13.8922121,52.6035192],[13.893064,52.5999425],[13.9034989,52.6021808],[13.906081300000002,52.5977333],[13.912515400000002,52.5970979],[13.9317926,52.6000929],[13.9322582,52.6022694],[13.9369457,52.6014112],[13.9363604,52.5956668],[13.9265487,52.5769484],[13.940329300000002,52.5703014],[13.9857668,52.57919480000001],[13.98649,52.5990078],[13.9966095,52.6004166],[14.0205282,52.57670550000001],[14.0207128,52.5714078],[14.0055958,52.5680358],[14.0035198,52.5649329],[13.9950591,52.5663866],[13.9822694,52.56281880000001],[13.9738261,52.5425103],[13.9657457,52.5436658],[13.9611982,52.5399837],[13.951318,52.5475972],[13.9401536,52.5513308],[13.9114594,52.5442429],[13.8787589,52.543274],[13.870192,52.5297785],[13.861523100000001,52.5218757],[13.8532747,52.5225938],[13.8466679,52.5205413],[13.8438044,52.5155091],[13.8356922,52.5152251],[13.8131493,52.52333230000001]]]},"properties":{"plz":"15344","note":"15344 Strausberg","qkm":68.087651,"einwohner":25565}},{"type":"Feature","geometry":{"type":"MultiPolygon","coordinates":[[[[13.870192,52.5297785],[13.8787589,52.543274],[13.9114594,52.5442429],[13.9401536,52.5513308],[13.951318,52.5475972],[13.9611982,52.5399837],[13.9657457,52.5436658],[13.9738261,52.5425103],[13.9822694,52.56281880000001],[13.9950591,52.5663866],[14.0035198,52.5649329],[14.0138495,52.5601686],[14.0393865,52.5582628],[14.0440702,52.548298],[14.0536605,52.541748],[14.0468718,52.541303],[14.0194059,52.515320100000004],[13.996271500000002,52.4927396],[13.9716289,52.4865463],[13.9686935,52.48076],[13.9532672,52.4740914],[13.9439836,52.4787793],[13.9449739,52.47656080000001],[13.9273083,52.4730635],[13.8992245,52.4741271],[13.893682,52.4677494],[13.8868265,52.4682646],[13.8890105,52.4708438],[13.8818231,52.4850991],[13.8617352,52.4996863],[13.8705813,52.5045103],[13.878971200000002,52.5049766],[13.874667,52.5209148],[13.8782,52.5270078],[13.870192,52.5297785]]],[[[13.6686552,52.5660886],[13.6851109,52.5693105],[13.6859643,52.5768615],[13.6720729,52.5777953],[13.671881700000002,52.5823245],[13.6841455,52.5784743],[13.696489400000003,52.5829493],[13.698819000000002,52.5902852],[13.7157774,52.5879546],[13.7172311,52.593489],[13.7125407,52.5986623],[13.715438,52.6058376],[13.7155961,52.6024499],[13.7279689,52.6015646],[13.7295087,52.612433],[13.7814206,52.62330120000001],[13.8193807,52.6279701],[13.8279894,52.6247815],[13.8335335,52.629607],[13.8326954,52.6368702],[13.844464400000001,52.6455373],[13.8376003,52.6528989],[13.8484858,52.6592319],[13.8507721,52.6715653],[13.872018400000002,52.666242],[13.8854209,52.6676715],[13.896193700000001,52.665823],[13.9128524,52.6847063],[13.9199077,52.6835747],[13.929629100000001,52.6868441],[13.9514354,52.6884862],[13.9498561,52.6931755],[13.959434800000002,52.6958668],[13.9705124,52.694974],[13.981119600000001,52.7152699],[13.9882671,52.7153583],[13.9858252,52.7049699],[13.9937217,52.70329790000001],[14.003427,52.7044382],[14.0049762,52.7071035],[14.0398608,52.6894028],[14.0348904,52.6810266],[14.021312,52.6711232],[14.024054300000001,52.6691506],[14.0298929,52.6672794],[14.0340707,52.6709684],[14.0408784,52.6706413],[14.073643,52.6636174],[14.1055076,52.6759646],[14.1126122,52.6751983],[14.1296606,52.6500699],[14.1102565,52.6517094],[14.0877999,52.6357608],[14.0477792,52.6321425],[14.0452132,52.6148832],[14.030833700000002,52.6143453],[14.025921,52.6203602],[14.0179119,52.619914],[14.0229137,52.604963],[14.0168015,52.603568700000004],[14.0145645,52.610546],[14.010318,52.6117076],[14.0051264,52.60915570000001],[13.99863,52.6142495],[13.9832578,52.60456490000001],[13.9768446,52.6170877],[13.952083,52.6084742],[13.94512,52.6113173],[13.9381355,52.6097655],[13.9322582,52.6022694],[13.9317926,52.6000929],[13.912515400000002,52.5970979],[13.906081300000002,52.5977333],[13.9034989,52.6021808],[13.893064,52.5999425],[13.8922121,52.6035192],[13.8822761,52.600669],[13.8337174,52.6032331],[13.8354449,52.5928253],[13.8267506,52.5821378],[13.8260377,52.5673212],[13.8320656,52.5629892],[13.8316008,52.5570991],[13.8424844,52.5515196],[13.8513936,52.5514465],[13.838519,52.5460394],[13.837168,52.5383681],[13.8294872,52.536914],[13.8278339,52.5326981],[13.8181114,52.53238530000001],[13.8131493,52.52333230000001],[13.8087355,52.5247952],[13.799861600000002,52.52122580000001],[13.7918859,52.5483987],[13.785311,52.5423851],[13.7774045,52.54691960000001],[13.7673802,52.542115800000005],[13.7656828,52.5474979],[13.7583593,52.5460664],[13.7519971,52.5486924],[13.7531022,52.5455595],[13.7489652,52.5450506],[13.745488,52.5515708],[13.740907800000002,52.5514318],[13.737854400000002,52.5509373],[13.7401139,52.5442957],[13.7315126,52.5452633],[13.7328698,52.54167],[13.7195553,52.5445632],[13.6703904,52.54572910000001],[13.6780637,52.5624528],[13.6686552,52.5660886]]]]},"properties":{"plz":"15345","note":"15345 Lichtenow, Altlandsberg u.a.","qkm":302.890767,"einwohner":21782}},{"type":"Feature","geometry":{"type":"Polygon","coordinates":[[[13.6686552,52.5660886],[13.6780637,52.5624528],[13.6703904,52.54572910000001],[13.7195553,52.5445632],[13.7328698,52.54167],[13.7428712,52.539059300000005],[13.7374131,52.5240861],[13.7258914,52.5109687],[13.7097245,52.5044468],[13.7127596,52.5008587],[13.6890902,52.5008842],[13.678293500000002,52.49393680000001],[13.6672387,52.47428850000001],[13.6432179,52.4792246],[13.6253387,52.4736977],[13.6227589,52.4664541],[13.6211751,52.4704622],[13.6127026,52.4704126],[13.616481700000001,52.4748337],[13.613554,52.4756212],[13.61489,52.4807594],[13.6297188,52.4930373],[13.6250035,52.4958927],[13.6331289,52.5116374],[13.658593,52.5258555],[13.6569499,52.5298835],[13.6256906,52.5301817],[13.6249645,52.5380233],[13.6339467,52.537651800000006],[13.6373702,52.5422539],[13.6106017,52.54557520000001],[13.6155224,52.5615946],[13.6438569,52.56948],[13.658645,52.5690614],[13.6582904,52.5615599],[13.6645378,52.562368],[13.6653066,52.5671794],[13.6686552,52.5660886]]]},"properties":{"plz":"15366","note":"15366 Neuenhagen, Hoppegarten","qkm":51.611457,"einwohner":33344}},{"type":"Feature","geometry":{"type":"Polygon","coordinates":[[[13.7328698,52.54167],[13.7315126,52.5452633],[13.7401139,52.5442957],[13.737854400000002,52.5509373],[13.740907800000002,52.5514318],[13.745488,52.5515708],[13.7489652,52.5450506],[13.7531022,52.5455595],[13.7519971,52.5486924],[13.7583593,52.5460664],[13.7656828,52.5474979],[13.7673802,52.542115800000005],[13.7774045,52.54691960000001],[13.785311,52.5423851],[13.7918859,52.5483987],[13.799861600000002,52.52122580000001],[13.8087355,52.5247952],[13.8131493,52.52333230000001],[13.8356922,52.5152251],[13.8173882,52.5061475],[13.7912405,52.5125462],[13.77711,52.5121064],[13.7608927,52.4888754],[13.742315,52.49549520000001],[13.7406105,52.4864889],[13.7118434,52.4933612],[13.7166656,52.4967868],[13.7127596,52.5008587],[13.7097245,52.5044468],[13.7258914,52.5109687],[13.7374131,52.5240861],[13.7428712,52.539059300000005],[13.7328698,52.54167]]]},"properties":{"plz":"15370","note":"15370 Fredersdorf-Vogelsdorf, Petershagen","qkm":27.671483,"einwohner":20762}},{"type":"Feature","geometry":{"type":"Polygon","coordinates":[[[13.9532672,52.4740914],[13.9686935,52.48076],[13.9716289,52.4865463],[13.996271500000002,52.4927396],[14.0194059,52.515320100000004],[14.0471505,52.5099396],[14.0702685,52.5273035],[14.0793011,52.530264700000004],[14.0842301,52.5292541],[14.0902343,52.5337876],[14.0912524,52.5448348],[14.0972895,52.5456895],[14.0938348,52.5497215],[14.1044993,52.5514177],[14.1052289,52.5491474],[14.1078038,52.5505696],[14.1202492,52.5462898],[14.1272015,52.5564928],[14.1178118,52.5585302],[14.1171048,52.5694581],[14.1281799,52.5762398],[14.148426600000002,52.5796375],[14.1522095,52.584373],[14.1546343,52.582991],[14.1507897,52.5807956],[14.1615081,52.5835844],[14.1662296,52.59299490000001],[14.1720214,52.59329850000001],[14.1715425,52.5985301],[14.176857200000002,52.6011778],[14.1797626,52.5913573],[14.1999365,52.5894271],[14.2146029,52.5805877],[14.2095092,52.5774081],[14.2175211,52.562669],[14.2137016,52.5473853],[14.222839,52.546418],[14.2237189,52.5488598],[14.2410924,52.5445602],[14.253900100000001,52.5301065],[14.2498231,52.5286262],[14.2511127,52.5239852],[14.2558386,52.520813],[14.2540589,52.5166039],[14.2591175,52.514117],[14.2437316,52.4973295],[14.2192427,52.4937398],[14.1883029,52.4989026],[14.1824986,52.4894584],[14.1835457,52.4755373],[14.1774495,52.4694164],[14.1670441,52.4667616],[14.136079800000001,52.4660323],[14.1176374,52.4595512],[14.098462800000002,52.4627335],[14.0966572,52.4540203],[14.090588900000002,52.4545159],[14.0889303,52.4499155],[14.0757992,52.4526401],[14.0838987,52.4653459],[14.0737103,52.4805121],[14.028182,52.4707667],[14.0182669,52.4549585],[14.0072087,52.4465329],[13.992684,52.4556784],[13.9967448,52.4647921],[13.9897249,52.4635629],[13.977965,52.4682854],[13.9772591,52.466449100000006],[13.970039600000002,52.4676109],[13.9645038,52.4649472],[13.9601189,52.4715806],[13.9532672,52.4740914]]]},"properties":{"plz":"15374","note":"15374 M\u00fcncheberg","qkm":152.529914,"einwohner":6893}},{"type":"Feature","geometry":{"type":"Polygon","coordinates":[[[13.9322582,52.6022694],[13.9381355,52.6097655],[13.94512,52.6113173],[13.952083,52.6084742],[13.9768446,52.6170877],[13.9832578,52.60456490000001],[13.99863,52.6142495],[14.0051264,52.60915570000001],[14.010318,52.6117076],[14.0145645,52.610546],[14.0168015,52.603568700000004],[14.0229137,52.604963],[14.0179119,52.619914],[14.025921,52.6203602],[14.030833700000002,52.6143453],[14.0452132,52.6148832],[14.0477792,52.6321425],[14.0877999,52.6357608],[14.1102565,52.6517094],[14.1296606,52.6500699],[14.1303515,52.6500393],[14.1543447,52.6373037],[14.1580404,52.6379268],[14.1733113,52.6079877],[14.1790475,52.6073414],[14.176857200000002,52.6011778],[14.1715425,52.5985301],[14.1720214,52.59329850000001],[14.1662296,52.59299490000001],[14.1615081,52.5835844],[14.1507897,52.5807956],[14.1546343,52.582991],[14.1522095,52.584373],[14.148426600000002,52.5796375],[14.1281799,52.5762398],[14.1171048,52.5694581],[14.1178118,52.5585302],[14.1272015,52.5564928],[14.1202492,52.5462898],[14.1078038,52.5505696],[14.1052289,52.5491474],[14.1044993,52.5514177],[14.0938348,52.5497215],[14.0972895,52.5456895],[14.0912524,52.5448348],[14.0902343,52.5337876],[14.0842301,52.5292541],[14.0793011,52.530264700000004],[14.0702685,52.5273035],[14.0471505,52.5099396],[14.0194059,52.515320100000004],[14.0468718,52.541303],[14.0536605,52.541748],[14.0440702,52.548298],[14.0393865,52.5582628],[14.0138495,52.5601686],[14.0035198,52.5649329],[14.0055958,52.5680358],[14.0207128,52.5714078],[14.0205282,52.57670550000001],[13.9966095,52.6004166],[13.98649,52.5990078],[13.9857668,52.57919480000001],[13.940329300000002,52.5703014],[13.9265487,52.5769484],[13.9363604,52.5956668],[13.9369457,52.6014112],[13.9322582,52.6022694]]]},"properties":{"plz":"15377","note":"15377 Oberbarnim, M\u00e4rkische H\u00f6he u.a.","qkm":117.35255,"einwohner":4389}},{"type":"Feature","geometry":{"type":"Polygon","coordinates":[[[13.8173882,52.5061475],[13.8356922,52.5152251],[13.8438044,52.5155091],[13.8466679,52.5205413],[13.8532747,52.5225938],[13.861523100000001,52.5218757],[13.870192,52.5297785],[13.8782,52.5270078],[13.874667,52.5209148],[13.878971200000002,52.5049766],[13.8705813,52.5045103],[13.8617352,52.4996863],[13.8818231,52.4850991],[13.8890105,52.4708438],[13.8868265,52.4682646],[13.8800479,52.4570031],[13.8727383,52.4555138],[13.8632379,52.4538864],[13.851613,52.4659371],[13.8495749,52.4648794],[13.8299249,52.4803264],[13.8282209,52.484104800000004],[13.8331553,52.4891655],[13.816243,52.4890174],[13.800556,52.4926082],[13.8016176,52.4984248],[13.8088123,52.4984248],[13.8173882,52.5061475]]]},"properties":{"plz":"15378","note":"15378 R\u00fcdersdorf","qkm":24.242918,"einwohner":4685}},{"type":"Feature","geometry":{"type":"Polygon","coordinates":[[[14.0186302,52.411726],[14.0352697,52.4156458],[14.0521686,52.4153643],[14.0505877,52.4182159],[14.0611291,52.426691],[14.079687,52.42650090000001],[14.0783877,52.4143626],[14.0907264,52.411026],[14.0910193,52.3980257],[14.0989748,52.3953632],[14.10528,52.38588500000001],[14.09956,52.3844473],[14.1002199,52.3805062],[14.0950282,52.3788041],[14.1013684,52.3759508],[14.1152408,52.3780827],[14.1471,52.3726],[14.1495065,52.3596737],[14.1418483,52.3590126],[14.1380825,52.3554212],[14.1461972,52.3489449],[14.1169671,52.3471142],[14.1100032,52.3364372],[14.1078574,52.3393642],[14.0842157,52.322678],[14.0706603,52.3298084],[14.0633874,52.3292871],[14.0503147,52.3488551],[14.0454842,52.3474904],[14.0305025,52.35687930000001],[14.008,52.3477],[14.0041373,52.3445825],[14.0066099,52.3416017],[14.0024831,52.3409318],[14.0003811,52.3512419],[13.9896397,52.3504257],[13.9913539,52.3680881],[13.998416000000002,52.3713112],[13.997145,52.3747768],[13.9783118,52.3746584],[13.9601327,52.3796045],[13.9482453,52.385126500000005],[13.9481774,52.387677],[13.9595475,52.39077840000001],[13.9378317,52.3960072],[13.9535809,52.401744400000005],[13.9787615,52.3940588],[13.9945073,52.3857099],[14.0078259,52.3833273],[14.0216227,52.3865098],[14.0243665,52.3946039],[14.0207022,52.3994263],[14.0141764,52.4009735],[14.0186302,52.411726]]]},"properties":{"plz":"15517","note":"15517 F\u00fcrstenwalde/ Spree","qkm":70.872007,"einwohner":30982}},{"type":"Feature","geometry":{"type":"MultiPolygon","coordinates":[[[[13.9979317,52.3068442],[14.0004443,52.3323065],[14.006572700000001,52.3320443],[14.0023627,52.3348712],[14.0024831,52.3409318],[14.0066099,52.3416017],[14.0041373,52.3445825],[14.008,52.3477],[14.0305025,52.35687930000001],[14.0454842,52.3474904],[14.0503147,52.3488551],[14.0633874,52.3292871],[14.0565633,52.3243367],[14.0596107,52.3216862],[14.0518183,52.3130107],[14.0521198,52.3058588],[14.0485406,52.303051],[14.0413169,52.3080544],[14.0373998,52.3044904],[14.0286837,52.3055184],[14.0155495,52.2895402],[14.0108535,52.2934651],[13.996824600000002,52.2910801],[13.9970532,52.29942890000001],[14.0050792,52.2992668],[13.9971216,52.3007902],[13.9979317,52.3068442]]],[[[14.327944299999999,52.31424470000001],[14.3293368,52.3163172],[14.3349257,52.3138402],[14.358018100000002,52.3216091],[14.404198300000001,52.3148605],[14.3957615,52.2987655],[14.3713969,52.2814652],[14.35759,52.2890067],[14.339304999999998,52.3095131],[14.335239,52.3089236],[14.337664600000002,52.3121469],[14.327944299999999,52.31424470000001]]],[[[13.9772591,52.466449100000006],[13.977965,52.4682854],[13.9897249,52.4635629],[13.9967448,52.4647921],[13.992684,52.4556784],[14.0072087,52.4465329],[14.0182669,52.4549585],[14.028182,52.4707667],[14.0737103,52.4805121],[14.0838987,52.4653459],[14.0757992,52.4526401],[14.0889303,52.4499155],[14.090588900000002,52.4545159],[14.0966572,52.4540203],[14.098462800000002,52.4627335],[14.1176374,52.4595512],[14.136079800000001,52.4660323],[14.1670441,52.4667616],[14.1774495,52.4694164],[14.1835457,52.4755373],[14.1824986,52.4894584],[14.1883029,52.4989026],[14.2192427,52.4937398],[14.2293525,52.4902169],[14.2548431,52.4693607],[14.2753788,52.4628361],[14.2708859,52.4491566],[14.27713,52.445681],[14.2831934,52.4334665],[14.284899,52.424924000000004],[14.2777356,52.419638],[14.2812774,52.4092472],[14.3020587,52.40371290000001],[14.3207965,52.4032931],[14.327517200000003,52.4029385],[14.3140591,52.3821085],[14.329294100000002,52.3773717],[14.308900000000001,52.375400000000006],[14.3035482,52.3691093],[14.3075178,52.365239],[14.3014142,52.361082],[14.3202165,52.3446258],[14.3201575,52.3384511],[14.3160655,52.3356362],[14.320597300000001,52.32956320000001],[14.3126666,52.3278067],[14.317266,52.3222573],[14.315289800000002,52.3166285],[14.3174457,52.2947275],[14.323,52.2921],[14.3273907,52.2818606],[14.3182401,52.2813877],[14.3102632,52.2785903],[14.3035444,52.276075],[14.280766,52.2849861],[14.2821393,52.2931415],[14.2759723,52.2973554],[14.2580659,52.2944912],[14.2551,52.2992],[14.2485162,52.2985515],[14.2489582,52.3015459],[14.2418407,52.302301],[14.240198100000002,52.2991873],[14.2442021,52.2965404],[14.240523200000002,52.2899384],[14.231983,52.290283],[14.231453,52.2935037],[14.2249503,52.2946153],[14.2303136,52.2970831],[14.2263719,52.3042252],[14.2117687,52.3030664],[14.1982569,52.3088684],[14.196595,52.3127056],[14.20054,52.3147015],[14.1909066,52.314407],[14.1931,52.319],[14.184168400000003,52.3191587],[14.1871,52.3218],[14.1785304,52.3220271],[14.168,52.3283],[14.162496400000002,52.3259805],[14.1546625,52.3269844],[14.1520693,52.3316921],[14.148220900000002,52.3282925],[14.1372517,52.328504300000006],[14.1258716,52.3196715],[14.1174527,52.3190793],[14.1207325,52.3102689],[14.1094607,52.306582500000005],[14.1004812,52.3124175],[14.0777853,52.3157143],[14.0842157,52.322678],[14.1078574,52.3393642],[14.1100032,52.3364372],[14.1169671,52.3471142],[14.1461972,52.3489449],[14.1380825,52.3554212],[14.1418483,52.3590126],[14.1495065,52.3596737],[14.1471,52.3726],[14.1152408,52.3780827],[14.1013684,52.3759508],[14.0950282,52.3788041],[14.1002199,52.3805062],[14.09956,52.3844473],[14.10528,52.38588500000001],[14.0989748,52.3953632],[14.0910193,52.3980257],[14.0907264,52.411026],[14.0783877,52.4143626],[14.079687,52.42650090000001],[14.0611291,52.426691],[14.0505877,52.4182159],[14.0521686,52.4153643],[14.0352697,52.4156458],[14.0186302,52.411726],[13.9854425,52.4288504],[13.9857816,52.4520391],[13.9783862,52.452011],[13.9777917,52.4625065],[13.9845128,52.4616814],[13.984217500000002,52.4644301],[13.9772591,52.466449100000006]]]]},"properties":{"plz":"15518","note":"15518 Briesen, Rauen u.a.","qkm":325.79146,"einwohner":11146}},{"type":"Feature","geometry":{"type":"Polygon","coordinates":[[[13.9979317,52.3068442],[13.9971216,52.3007902],[14.0050792,52.2992668],[13.9970532,52.29942890000001],[13.996824600000002,52.2910801],[14.0108535,52.2934651],[14.0155495,52.2895402],[14.0286837,52.3055184],[14.0373998,52.3044904],[14.0413169,52.3080544],[14.0485406,52.303051],[14.0521198,52.3058588],[14.0518183,52.3130107],[14.0596107,52.3216862],[14.0565633,52.3243367],[14.0633874,52.3292871],[14.0706603,52.3298084],[14.0842157,52.322678],[14.0777853,52.3157143],[14.1004812,52.3124175],[14.1094607,52.306582500000005],[14.1093631,52.296351],[14.1038581,52.2959074],[14.1002618,52.28602200000001],[14.1174816,52.2801614],[14.1145891,52.2730016],[14.095436,52.2585057],[14.0712725,52.2581702],[14.067518500000002,52.2466295],[14.0582949,52.2436452],[14.042239700000001,52.22255160000001],[14.033268,52.2189784],[14.0271322,52.210081],[14.0179161,52.2077359],[14.0204986,52.2071829],[14.0168532,52.2033343],[14.0077838,52.211167],[14.0133757,52.2125594],[14.0193484,52.2201112],[14.0134044,52.2210087],[14.015973400000002,52.2283409],[14.0014434,52.2287989],[13.9981088,52.2210044],[13.9942379,52.2267512],[13.9821325,52.2360309],[13.9762606,52.2526694],[13.9797529,52.253078],[13.969495,52.2669177],[13.954572300000002,52.2771856],[13.9435881,52.28045650000001],[13.945854,52.289990100000004],[13.9746,52.28940000000001],[13.961811,52.2943972],[13.9624494,52.2965796],[13.9727695,52.29639850000001],[13.9689618,52.2995762],[13.9715539,52.302964200000005],[13.987552600000003,52.2961055],[13.9850506,52.3033712],[13.9942431,52.303114],[13.9979317,52.3068442]]]},"properties":{"plz":"15526","note":"15526 Bad Saarow-Pieskow","qkm":76.768578,"einwohner":5988}},{"type":"Feature","geometry":{"type":"Polygon","coordinates":[[[13.7348842,52.3243031],[13.7452284,52.33084],[13.739665,52.3340067],[13.7550276,52.3449013],[13.7570863,52.3505588],[13.7635739,52.3674169],[13.7755043,52.3784421],[13.7732941,52.3750567],[13.7888321,52.373639],[13.7899239,52.3695184],[13.792044,52.3756999],[13.7966038,52.3685254],[13.8092767,52.3689781],[13.8073627,52.3653658],[13.8154093,52.359069600000005],[13.8359674,52.358208],[13.8379774,52.3561839],[13.8546092,52.3685783],[13.8646804,52.3678567],[13.8675154,52.373516300000006],[13.8731942,52.3734701],[13.8749049,52.3766914],[13.8804351,52.374535800000004],[13.8800499,52.3818659],[13.885247,52.3787295],[13.885114,52.38204730000001],[13.8908238,52.3824094],[13.8952978,52.3871557],[13.892163900000002,52.3900165],[13.8982139,52.393884],[13.9076485,52.3936323],[13.913218,52.3974799],[13.908138,52.398087],[13.912829700000001,52.399750000000004],[13.9216531,52.3895734],[13.9328282,52.3938476],[13.9335664,52.3874519],[13.9481774,52.387677],[13.9482453,52.385126500000005],[13.9601327,52.3796045],[13.9783118,52.3746584],[13.997145,52.3747768],[13.998416000000002,52.3713112],[13.9913539,52.3680881],[13.9896397,52.3504257],[14.0003811,52.3512419],[14.0024831,52.3409318],[14.0023627,52.3348712],[14.006572700000001,52.3320443],[14.0004443,52.3323065],[13.9979317,52.3068442],[13.9942431,52.303114],[13.9850506,52.3033712],[13.987552600000003,52.2961055],[13.9715539,52.302964200000005],[13.9689618,52.2995762],[13.9727695,52.29639850000001],[13.9624494,52.2965796],[13.961811,52.2943972],[13.9746,52.28940000000001],[13.945854,52.289990100000004],[13.9435881,52.28045650000001],[13.9375886,52.282396],[13.936853600000001,52.2765816],[13.932266,52.2767989],[13.9338431,52.2786356],[13.9289197,52.2799825],[13.9293735,52.2912783],[13.9174098,52.3028041],[13.919636,52.308010900000006],[13.9066723,52.3076225],[13.8980583,52.3114937],[13.8936052,52.3064597],[13.883466300000002,52.3061145],[13.8832452,52.3021349],[13.8918059,52.3032987],[13.8929471,52.3002188],[13.8886842,52.29150310000001],[13.8835431,52.292239],[13.8871747,52.2974148],[13.8841976,52.2974877],[13.8764,52.2922],[13.8538134,52.2900705],[13.8215204,52.2881539],[13.8396588,52.3040575],[13.839897,52.314098400000006],[13.819573600000002,52.3117486],[13.806728900000001,52.320348],[13.7995271,52.3161864],[13.7889079,52.3177002],[13.7885137,52.3203938],[13.7783042,52.32301840000001],[13.7669988,52.31844950000001],[13.7534963,52.3180579],[13.751755,52.315467],[13.7432559,52.3184309],[13.7348842,52.3243031]]]},"properties":{"plz":"15528","note":"15528 Spreenhagen","qkm":137.158917,"einwohner":3334}},{"type":"Feature","geometry":{"type":"Polygon","coordinates":[[[13.709852,52.3963744],[13.715869,52.3996935],[13.7231706,52.39829530000001],[13.734268,52.402132800000004],[13.739034300000002,52.4073353],[13.7299121,52.4158363],[13.7314324,52.4197606],[13.7412783,52.4267748],[13.7400567,52.4323333],[13.7230662,52.4370566],[13.742782300000002,52.4329282],[13.743651,52.4379187],[13.7504957,52.4414823],[13.7563115,52.4416104],[13.75445,52.4366808],[13.7605901,52.4369475],[13.7678366,52.4323857],[13.791499,52.4306745],[13.7995135,52.4394691],[13.8246897,52.4374375],[13.852269,52.4579645],[13.8528379,52.4518766],[13.8708715,52.4521643],[13.8727383,52.4555138],[13.8800479,52.4570031],[13.8868265,52.4682646],[13.893682,52.4677494],[13.8992245,52.4741271],[13.9273083,52.4730635],[13.9449739,52.47656080000001],[13.9439836,52.4787793],[13.9532672,52.4740914],[13.9601189,52.4715806],[13.9645038,52.4649472],[13.970039600000002,52.4676109],[13.9772591,52.466449100000006],[13.984217500000002,52.4644301],[13.9845128,52.4616814],[13.9777917,52.4625065],[13.9783862,52.452011],[13.9857816,52.4520391],[13.9854425,52.4288504],[14.0186302,52.411726],[14.0141764,52.4009735],[14.0207022,52.3994263],[14.0243665,52.3946039],[14.0216227,52.3865098],[14.0078259,52.3833273],[13.9945073,52.3857099],[13.9787615,52.3940588],[13.9535809,52.401744400000005],[13.9378317,52.3960072],[13.9595475,52.39077840000001],[13.9481774,52.387677],[13.9335664,52.3874519],[13.9328282,52.3938476],[13.9216531,52.3895734],[13.912829700000001,52.399750000000004],[13.908138,52.398087],[13.913218,52.3974799],[13.9076485,52.3936323],[13.8982139,52.393884],[13.892163900000002,52.3900165],[13.8952978,52.3871557],[13.8908238,52.3824094],[13.885114,52.38204730000001],[13.885247,52.3787295],[13.8800499,52.3818659],[13.8804351,52.374535800000004],[13.8749049,52.3766914],[13.8731942,52.3734701],[13.8675154,52.373516300000006],[13.8646804,52.3678567],[13.8546092,52.3685783],[13.8379774,52.3561839],[13.8359674,52.358208],[13.8154093,52.359069600000005],[13.8073627,52.3653658],[13.8092767,52.3689781],[13.7966038,52.3685254],[13.792044,52.3756999],[13.7899239,52.3695184],[13.7888321,52.373639],[13.7732941,52.3750567],[13.7755043,52.3784421],[13.7635739,52.3674169],[13.7570863,52.3505588],[13.7274607,52.3649629],[13.7409721,52.3712561],[13.7278317,52.3865033],[13.7069598,52.3888918],[13.6993201,52.3776874],[13.6988373,52.3814992],[13.6866408,52.385022],[13.709852,52.3963744]]]},"properties":{"plz":"15537","note":"15537 Erkner","qkm":159.072296,"einwohner":22122}},{"type":"Feature","geometry":{"type":"Polygon","coordinates":[[[13.7406105,52.4864889],[13.742315,52.49549520000001],[13.7608927,52.4888754],[13.77711,52.5121064],[13.7912405,52.5125462],[13.8173882,52.5061475],[13.8088123,52.4984248],[13.8016176,52.4984248],[13.800556,52.4926082],[13.816243,52.4890174],[13.8331553,52.4891655],[13.8282209,52.484104800000004],[13.8299249,52.4803264],[13.8495749,52.4648794],[13.851613,52.4659371],[13.8632379,52.4538864],[13.8727383,52.4555138],[13.8708715,52.4521643],[13.8528379,52.4518766],[13.852269,52.4579645],[13.8246897,52.4374375],[13.7995135,52.4394691],[13.8019811,52.4439222],[13.7648142,52.4478938],[13.764974900000002,52.4442119],[13.7623656,52.4579455],[13.7744879,52.4660884],[13.7433853,52.4653738],[13.7406105,52.4864889]]]},"properties":{"plz":"15562","note":"15562 R\u00fcdersdorf","qkm":38.353993,"einwohner":9724}},{"type":"Feature","geometry":{"type":"Polygon","coordinates":[[[13.6672387,52.47428850000001],[13.678293500000002,52.49393680000001],[13.6890902,52.5008842],[13.7127596,52.5008587],[13.7166656,52.4967868],[13.7118434,52.4933612],[13.7406105,52.4864889],[13.7433853,52.4653738],[13.7410236,52.4633425],[13.7308761,52.4641998],[13.7292491,52.4594595],[13.7205872,52.4567554],[13.71597,52.46291540000001],[13.6990878,52.4682756],[13.705593,52.457705],[13.7046159,52.4547558],[13.6983491,52.4552557],[13.6954338,52.4641841],[13.6827698,52.4660701],[13.6695042,52.4732859],[13.6672387,52.47428850000001]]]},"properties":{"plz":"15566","note":"15566 Sch\u00f6neiche bei Berlin","qkm":16.77482,"einwohner":11836}},{"type":"Feature","geometry":{"type":"Polygon","coordinates":[[[13.7205872,52.4567554],[13.7292491,52.4594595],[13.7308761,52.4641998],[13.7410236,52.4633425],[13.7433853,52.4653738],[13.7744879,52.4660884],[13.7623656,52.4579455],[13.764974900000002,52.4442119],[13.7648142,52.4478938],[13.8019811,52.4439222],[13.7995135,52.4394691],[13.791499,52.4306745],[13.7678366,52.4323857],[13.7605901,52.4369475],[13.755333,52.4384158],[13.7570845,52.44296150000001],[13.7543794,52.4432795],[13.7564442,52.4461753],[13.7290727,52.4507874],[13.7205872,52.4567554]]]},"properties":{"plz":"15569","note":"15569 Woltersdorf","qkm":9.201196,"einwohner":7757}},{"type":"Feature","geometry":{"type":"Polygon","coordinates":[[[13.5785639,52.3188089],[13.5885355,52.3188154],[13.6026832,52.3108758],[13.6044063,52.3109895],[13.6273964,52.3066848],[13.6331032,52.3093531],[13.639410900000001,52.3059033],[13.6439475,52.3073506],[13.648649100000002,52.2979654],[13.6625822,52.3035717],[13.6722279,52.295212],[13.6592755,52.2930488],[13.652261,52.2865969],[13.6436592,52.2886649],[13.6397727,52.2857943],[13.643882700000002,52.2787641],[13.6478309,52.2786318],[13.6479055,52.2812042],[13.6508529,52.2795425],[13.6536771,52.2659149],[13.657518,52.2679835],[13.6693973,52.2666757],[13.6712096,52.2589748],[13.6530215,52.2536551],[13.651027,52.257524],[13.6421999,52.2544817],[13.635987900000002,52.2561633],[13.6390891,52.2603466],[13.6126571,52.2599262],[13.606965,52.2646659],[13.6171445,52.2815772],[13.6071796,52.2793192],[13.5995921,52.2898414],[13.5783061,52.2842761],[13.5723465,52.2931544],[13.568473,52.3034291],[13.5756133,52.3068842],[13.5785639,52.3188089]]]},"properties":{"plz":"15711","note":"15711 K\u00f6nigs Wusterhausen","qkm":25.149682,"einwohner":22201}},{"type":"Feature","geometry":{"type":"Polygon","coordinates":[[[13.6625822,52.3035717],[13.688658600000002,52.3135842],[13.7119757,52.3173518],[13.7165333,52.3238242],[13.7240496,52.32345260000001],[13.7315279,52.330852],[13.7387919,52.327819],[13.7287169,52.3265377],[13.7348842,52.3243031],[13.7432559,52.3184309],[13.7403999,52.3185149],[13.7393844,52.3107047],[13.754945100000002,52.30831250000001],[13.7394324,52.2933692],[13.7389146,52.28140830000001],[13.715868,52.2824455],[13.698406800000003,52.2664929],[13.683005100000003,52.2648883],[13.6693973,52.2666757],[13.657518,52.2679835],[13.6536771,52.2659149],[13.6508529,52.2795425],[13.6479055,52.2812042],[13.6478309,52.2786318],[13.643882700000002,52.2787641],[13.6397727,52.2857943],[13.6436592,52.2886649],[13.652261,52.2865969],[13.6592755,52.2930488],[13.6722279,52.295212],[13.6625822,52.3035717]]]},"properties":{"plz":"15712","note":"15712 K\u00f6nigs Wusterhausen","qkm":28.609783,"einwohner":6987}},{"type":"Feature","geometry":{"type":"Polygon","coordinates":[[[13.6432055,52.3324533],[13.6541117,52.3359842],[13.6516963,52.33946290000001],[13.6570805,52.3516007],[13.6711913,52.3664872],[13.6821646,52.3696403],[13.6922178,52.3672104],[13.6993201,52.3776874],[13.7069598,52.3888918],[13.7278317,52.3865033],[13.7409721,52.3712561],[13.7274607,52.3649629],[13.7570863,52.3505588],[13.7550276,52.3449013],[13.739665,52.3340067],[13.7452284,52.33084],[13.7348842,52.3243031],[13.7287169,52.3265377],[13.7387919,52.327819],[13.7315279,52.330852],[13.7240496,52.32345260000001],[13.7165333,52.3238242],[13.7119757,52.3173518],[13.688658600000002,52.3135842],[13.6625822,52.3035717],[13.648649100000002,52.2979654],[13.6439475,52.3073506],[13.6432055,52.3324533]]]},"properties":{"plz":"15713","note":"15713 K\u00f6nigs Wusterhausen","qkm":42.402561,"einwohner":4549}},{"type":"Feature","geometry":{"type":"Polygon","coordinates":[[[13.6056888,52.3776833],[13.6057984,52.3736103],[13.6285143,52.3813573],[13.6332327,52.3762426],[13.642682,52.3775092],[13.6421026,52.370810000000006],[13.6469643,52.3687011],[13.6291922,52.3684512],[13.621225500000001,52.3643447],[13.6160676,52.3660829],[13.6096758,52.3631751],[13.601556200000001,52.3553702],[13.6067594,52.3473474],[13.6001413,52.3435127],[13.6020846,52.3395622],[13.597527000000001,52.3382984],[13.575009600000001,52.3406686],[13.5754751,52.3438579],[13.5630145,52.3496928],[13.566007,52.360076],[13.586203,52.3686347],[13.594700200000002,52.379712100000006],[13.5979275,52.3803513],[13.6007427,52.3759868],[13.6056888,52.3776833]]]},"properties":{"plz":"15732","note":"15732 Schulzendorf b. Eichenwade","qkm":11.965427,"einwohner":13868}},{"type":"Feature","geometry":{"type":"Polygon","coordinates":[[[13.5630145,52.3496928],[13.5754751,52.3438579],[13.575009600000001,52.3406686],[13.597527000000001,52.3382984],[13.6020846,52.3395622],[13.6001413,52.3435127],[13.6067594,52.3473474],[13.601556200000001,52.3553702],[13.6096758,52.3631751],[13.6160676,52.3660829],[13.621225500000001,52.3643447],[13.6291922,52.3684512],[13.6469643,52.3687011],[13.638436500000001,52.3597365],[13.6363196,52.3468193],[13.6428165,52.33994130000001],[13.6516963,52.33946290000001],[13.6541117,52.3359842],[13.6432055,52.3324533],[13.6390599,52.3314778],[13.6345108,52.34161],[13.62652,52.339748400000005],[13.6242283,52.3308064],[13.599054200000001,52.331525],[13.5953513,52.3297109],[13.589836,52.3206612],[13.6044063,52.3109895],[13.6026832,52.3108758],[13.5894681,52.3200348],[13.5607045,52.3469897],[13.5630145,52.3496928]]]},"properties":{"plz":"15738","note":"15738 Zeuthen","qkm":12.710456,"einwohner":10568}},{"type":"Feature","geometry":{"type":"Polygon","coordinates":[[[13.6126571,52.2599262],[13.6390891,52.2603466],[13.635987900000002,52.2561633],[13.6421999,52.2544817],[13.651027,52.257524],[13.6530215,52.2536551],[13.6712096,52.2589748],[13.6754418,52.2443715],[13.6863186,52.2416852],[13.6952398,52.227697],[13.6930899,52.2248178],[13.7068333,52.224227],[13.7109897,52.2215054],[13.7070365,52.216728],[13.6917965,52.2165773],[13.6830731,52.2102188],[13.6740244,52.2101964],[13.678435100000002,52.2066836],[13.6719919,52.196829],[13.6489419,52.2024763],[13.643526500000002,52.194598],[13.6350811,52.1971255],[13.6338167,52.2007488],[13.6295563,52.1967427],[13.6279124,52.19922230000001],[13.621571900000001,52.1993616],[13.606807,52.219524],[13.5959474,52.2244673],[13.5871978,52.2530991],[13.6045926,52.2565797],[13.6062093,52.2496192],[13.6121327,52.24778990000001],[13.606960300000003,52.250395],[13.6060775,52.2579614],[13.6126571,52.2599262]]]},"properties":{"plz":"15741","note":"15741 Bestensee","qkm":38.016483,"einwohner":6620}},{"type":"Feature","geometry":{"type":"Polygon","coordinates":[[[13.6432055,52.3324533],[13.6439475,52.3073506],[13.639410900000001,52.3059033],[13.6331032,52.3093531],[13.6273964,52.3066848],[13.6044063,52.3109895],[13.589836,52.3206612],[13.5953513,52.3297109],[13.599054200000001,52.331525],[13.6242283,52.3308064],[13.62652,52.339748400000005],[13.6345108,52.34161],[13.6390599,52.3314778],[13.6432055,52.3324533]]]},"properties":{"plz":"15745","note":"15745 Wildau","qkm":9.125982,"einwohner":9744}},{"type":"Feature","geometry":{"type":"Polygon","coordinates":[[[13.5877948,52.15648060000001],[13.5974013,52.1623651],[13.6018281,52.1716531],[13.5937235,52.1731375],[13.5940955,52.1861054],[13.6198876,52.1893311],[13.6240959,52.1950394],[13.621571900000001,52.1993616],[13.6279124,52.19922230000001],[13.6295563,52.1967427],[13.6338167,52.2007488],[13.6350811,52.1971255],[13.643526500000002,52.194598],[13.6489419,52.2024763],[13.6719919,52.196829],[13.6859054,52.1860477],[13.7012081,52.1843875],[13.7003702,52.1904548],[13.7066798,52.1947679],[13.7079662,52.2003313],[13.7158411,52.2006489],[13.7211669,52.1978831],[13.7128261,52.1932594],[13.777267500000002,52.181257],[13.7691114,52.1892942],[13.7731551,52.198686],[13.7774113,52.2024559],[13.7808466,52.2012979],[13.7730639,52.1964366],[13.7747866,52.1926704],[13.7713709,52.1877498],[13.7790946,52.1809703],[13.7621702,52.1586314],[13.7644436,52.153307],[13.7586618,52.1478279],[13.7637135,52.1399415],[13.7574527,52.128212],[13.7220325,52.1349833],[13.7094369,52.1089423],[13.703064500000002,52.11023350000001],[13.6987955,52.1190906],[13.6923904,52.12],[13.6849472,52.1325081],[13.6765557,52.1323998],[13.6809448,52.12821370000001],[13.6776275,52.1274565],[13.6806348,52.1213438],[13.6612598,52.1250167],[13.6594682,52.1337658],[13.6640087,52.1438675],[13.6574512,52.1504972],[13.6657982,52.1583745],[13.6430127,52.1563723],[13.630501,52.1603477],[13.6328911,52.1637452],[13.6294724,52.165344],[13.5877948,52.15648060000001]]]},"properties":{"plz":"15746","note":"15746 Gro\u00df K\u00f6ris","qkm":68.956068,"einwohner":2255}},{"type":"Feature","geometry":{"type":"Polygon","coordinates":[[[13.7574527,52.128212],[13.7637135,52.1399415],[13.7586618,52.1478279],[13.7644436,52.153307],[13.7621702,52.1586314],[13.7790946,52.1809703],[13.7740011,52.1868141],[13.776951,52.19261600000001],[13.8189861,52.1890914],[13.830186,52.1815251],[13.834735,52.1853352],[13.8516428,52.1830553],[13.8563431,52.18945020000001],[13.8787411,52.1821157],[13.8940279,52.1841438],[13.8895698,52.1696072],[13.8596154,52.1725301],[13.8562229,52.1644846],[13.8503788,52.1649554],[13.8504978,52.1603807],[13.8577478,52.1583203],[13.8612878,52.1510917],[13.8672327,52.150355100000006],[13.8693677,52.1467461],[13.8757514,52.147321500000004],[13.867959,52.1362505],[13.864249,52.1374305],[13.8588771,52.1313535],[13.8461409,52.1331375],[13.8449993,52.1215973],[13.8719363,52.1181693],[13.8773292,52.1176492],[13.878341,52.1126424],[13.8708878,52.1059327],[13.8650954,52.1025145],[13.8538293,52.1020448],[13.851775000000002,52.0973197],[13.8397973,52.0967979],[13.8442767,52.0839977],[13.8379811,52.0814205],[13.846034400000002,52.0781537],[13.8429134,52.0695703],[13.8368462,52.0721048],[13.838679300000003,52.0761752],[13.8344757,52.0732862],[13.8050807,52.0718616],[13.8017973,52.0689279],[13.795709,52.0711397],[13.7973832,52.06673510000001],[13.7868008,52.06216580000001],[13.7892306,52.0676361],[13.7829401,52.0687872],[13.7840214,52.0756801],[13.7872315,52.0793898],[13.7995181,52.0817668],[13.7979959,52.0837216],[13.787174,52.080179],[13.7837992,52.076859],[13.7754458,52.0768654],[13.7682086,52.0776242],[13.7519104,52.0941823],[13.7367516,52.0984962],[13.7427212,52.1059932],[13.7504992,52.1098268],[13.7572369,52.1086684],[13.7619168,52.11302700000001],[13.7650207,52.1194551],[13.7574527,52.128212]]]},"properties":{"plz":"15748","note":"15748 M\u00e4rkisch Buchholz","qkm":87.363185,"einwohner":1269}},{"type":"Feature","geometry":{"type":"Polygon","coordinates":[[[13.449736400000003,52.2567228],[13.4543702,52.259917],[13.4712836,52.2618605],[13.4899212,52.260802],[13.4955518,52.2654138],[13.5112614,52.2671307],[13.5076649,52.2682556],[13.5075976,52.28194700000001],[13.4833423,52.2860848],[13.4868904,52.298416200000005],[13.495838,52.2981291],[13.4975705,52.307013100000006],[13.483681100000002,52.3221044],[13.4956002,52.3308921],[13.5315519,52.3257219],[13.5281661,52.3170932],[13.5785639,52.3188089],[13.5756133,52.3068842],[13.568473,52.3034291],[13.5723465,52.2931544],[13.5783061,52.2842761],[13.5995921,52.2898414],[13.6071796,52.2793192],[13.6171445,52.2815772],[13.606965,52.2646659],[13.6126571,52.2599262],[13.6060775,52.2579614],[13.606960300000003,52.250395],[13.6121327,52.24778990000001],[13.6062093,52.2496192],[13.6045926,52.2565797],[13.5871978,52.2530991],[13.5959474,52.2244673],[13.606807,52.219524],[13.621571900000001,52.1993616],[13.6240959,52.1950394],[13.6198876,52.1893311],[13.5940955,52.1861054],[13.5937235,52.1731375],[13.6018281,52.1716531],[13.5974013,52.1623651],[13.5877948,52.15648060000001],[13.5867656,52.1452251],[13.5841958,52.1480588],[13.5650762,52.142602],[13.5617712,52.1468625],[13.5544134,52.1460362],[13.5554981,52.1484649],[13.5431935,52.1479364],[13.5525884,52.149692],[13.5439925,52.1735037],[13.5491681,52.1768382],[13.5501144,52.1826552],[13.5441588,52.1848575],[13.5458035,52.1931931],[13.5795619,52.1942235],[13.5822184,52.1963673],[13.5546269,52.2328255],[13.5394459,52.2368534],[13.5457735,52.2419989],[13.539861900000002,52.2442089],[13.5375359,52.2409859],[13.5162402,52.2430967],[13.4964594,52.2401476],[13.4900758,52.2332356],[13.4720578,52.2321737],[13.4739203,52.2371483],[13.4675399,52.2358487],[13.466555,52.2396318],[13.4601842,52.2398959],[13.4588602,52.2533267],[13.449736400000003,52.2567228]]]},"properties":{"plz":"15749","note":"15749 Mittenwalde","qkm":99.366469,"einwohner":8652}},{"type":"Feature","geometry":{"type":"Polygon","coordinates":[[[13.6693973,52.2666757],[13.683005100000003,52.2648883],[13.698406800000003,52.2664929],[13.715868,52.2824455],[13.7389146,52.28140830000001],[13.7394324,52.2933692],[13.754945100000002,52.30831250000001],[13.7393844,52.3107047],[13.7403999,52.3185149],[13.7432559,52.3184309],[13.751755,52.315467],[13.7534963,52.3180579],[13.7669988,52.31844950000001],[13.7783042,52.32301840000001],[13.7885137,52.3203938],[13.7889079,52.3177002],[13.7995271,52.3161864],[13.806728900000001,52.320348],[13.819573600000002,52.3117486],[13.839897,52.314098400000006],[13.8396588,52.3040575],[13.8215204,52.2881539],[13.8538134,52.2900705],[13.851839,52.2853253],[13.8629036,52.2753156],[13.855933600000002,52.2753534],[13.8493787,52.2698245],[13.8596766,52.2633094],[13.8573658,52.2607742],[13.8374007,52.2632457],[13.839871800000001,52.257237100000005],[13.8344216,52.2478874],[13.8302613,52.2450577],[13.817505300000002,52.2438846],[13.8243583,52.2423588],[13.8278875,52.232624],[13.8537648,52.225043],[13.8410028,52.2199665],[13.8396692,52.2132038],[13.8474348,52.205279],[13.8566553,52.2013076],[13.8458759,52.1980953],[13.834735,52.1853352],[13.830186,52.1815251],[13.8189861,52.1890914],[13.776951,52.19261600000001],[13.7740011,52.1868141],[13.7790946,52.1809703],[13.7713709,52.1877498],[13.7747866,52.1926704],[13.7730639,52.1964366],[13.7808466,52.2012979],[13.7774113,52.2024559],[13.7731551,52.198686],[13.7691114,52.1892942],[13.777267500000002,52.181257],[13.7128261,52.1932594],[13.7211669,52.1978831],[13.7158411,52.2006489],[13.7079662,52.2003313],[13.7066798,52.1947679],[13.7003702,52.1904548],[13.7012081,52.1843875],[13.6859054,52.1860477],[13.6719919,52.196829],[13.678435100000002,52.2066836],[13.6740244,52.2101964],[13.6830731,52.2102188],[13.6917965,52.2165773],[13.7070365,52.216728],[13.7109897,52.2215054],[13.7068333,52.224227],[13.6930899,52.2248178],[13.6952398,52.227697],[13.6863186,52.2416852],[13.6754418,52.2443715],[13.6712096,52.2589748],[13.6693973,52.2666757]]]},"properties":{"plz":"15754","note":"15754 Heidesee","qkm":135.942065,"einwohner":7056}},{"type":"Feature","geometry":{"type":"Polygon","coordinates":[[[13.540784,52.0972851],[13.5491962,52.119067],[13.5488214,52.1371113],[13.5544134,52.1460362],[13.5617712,52.1468625],[13.5650762,52.142602],[13.5841958,52.1480588],[13.5867656,52.1452251],[13.5877948,52.15648060000001],[13.6294724,52.165344],[13.6328911,52.1637452],[13.630501,52.1603477],[13.6430127,52.1563723],[13.6657982,52.1583745],[13.6574512,52.1504972],[13.6640087,52.1438675],[13.6594682,52.1337658],[13.6612598,52.1250167],[13.6595905,52.1129801],[13.6453148,52.1195307],[13.6482673,52.1167283],[13.6425821,52.1139935],[13.6442129,52.1089523],[13.6358562,52.108273],[13.6394804,52.1029484],[13.6295809,52.1027283],[13.6367918,52.1013536],[13.6227983,52.073065500000006],[13.5810705,52.0891716],[13.5567107,52.09078010000001],[13.540784,52.0972851]]]},"properties":{"plz":"15755","note":"15755 Teupitz","qkm":55.014351,"einwohner":2620}},{"type":"Feature","geometry":{"type":"Polygon","coordinates":[[[13.6227983,52.073065500000006],[13.6367918,52.1013536],[13.6295809,52.1027283],[13.6394804,52.1029484],[13.6358562,52.108273],[13.6442129,52.1089523],[13.6425821,52.1139935],[13.6482673,52.1167283],[13.6453148,52.1195307],[13.6595905,52.1129801],[13.6612598,52.1250167],[13.6806348,52.1213438],[13.6776275,52.1274565],[13.6809448,52.12821370000001],[13.6765557,52.1323998],[13.6849472,52.1325081],[13.6923904,52.12],[13.6987955,52.1190906],[13.703064500000002,52.11023350000001],[13.7094369,52.1089423],[13.7220325,52.1349833],[13.7574527,52.128212],[13.7650207,52.1194551],[13.7619168,52.11302700000001],[13.7572369,52.1086684],[13.7504992,52.1098268],[13.7427212,52.1059932],[13.7367516,52.0984962],[13.7519104,52.0941823],[13.7682086,52.0776242],[13.7754458,52.0768654],[13.7725282,52.0580415],[13.7752183,52.0510405],[13.7655693,52.0584959],[13.7627851,52.0573487],[13.7701494,52.0520699],[13.7662247,52.0415173],[13.7590752,52.0380495],[13.7492632,52.042152200000004],[13.737955,52.040159200000005],[13.7275051,52.0353678],[13.722036,52.0260133],[13.7192521,52.0294797],[13.6990304,52.0295312],[13.7053765,52.0425431],[13.6895912,52.0512662],[13.6890108,52.054563],[13.683525200000002,52.0509922],[13.6782336,52.054303],[13.6819909,52.0506704],[13.6478969,52.0568636],[13.6312699,52.0704888],[13.6227983,52.073065500000006]]]},"properties":{"plz":"15757","note":"15757 Halbe","qkm":76.758824,"einwohner":2213}},{"type":"Feature","geometry":{"type":"Polygon","coordinates":[[[13.308,52.2510504],[13.3282475,52.2487408],[13.3305917,52.2543376],[13.337294,52.2548236],[13.3385987,52.2579859],[13.3616411,52.2566298],[13.3694548,52.269477],[13.3920413,52.2820009],[13.396826300000003,52.2798086],[13.4000021,52.2818303],[13.4082962,52.2694299],[13.415756,52.2699801],[13.4173964,52.273306700000006],[13.4241513,52.2718922],[13.4191345,52.268761500000004],[13.425226400000001,52.2596662],[13.4477773,52.2549391],[13.449736400000003,52.2567228],[13.4588602,52.2533267],[13.4601842,52.2398959],[13.466555,52.2396318],[13.4675399,52.2358487],[13.4739203,52.2371483],[13.4720578,52.2321737],[13.4900758,52.2332356],[13.4964594,52.2401476],[13.5162402,52.2430967],[13.5375359,52.2409859],[13.539861900000002,52.2442089],[13.5457735,52.2419989],[13.5394459,52.2368534],[13.5546269,52.2328255],[13.5822184,52.1963673],[13.5795619,52.1942235],[13.5458035,52.1931931],[13.5441588,52.1848575],[13.5501144,52.1826552],[13.5491681,52.1768382],[13.5439925,52.1735037],[13.5525884,52.149692],[13.5431935,52.1479364],[13.5554981,52.1484649],[13.5544134,52.1460362],[13.5488214,52.1371113],[13.5491962,52.119067],[13.540784,52.0972851],[13.513409,52.092166],[13.5010279,52.0923637],[13.4926918,52.1085981],[13.461856800000001,52.1128268],[13.4527523,52.1103612],[13.4516945,52.117465],[13.4674591,52.1196553],[13.4651291,52.125217],[13.453233,52.1277687],[13.461693800000003,52.1351621],[13.4519005,52.1397057],[13.4474351,52.1387516],[13.4467238,52.1445116],[13.439687,52.14868],[13.4356763,52.1561641],[13.4275492,52.1551228],[13.4165736,52.1601577],[13.4109985,52.1706826],[13.4473257,52.1786734],[13.4472302,52.1810246],[13.4413819,52.1811365],[13.444169300000002,52.1818252],[13.4381933,52.187973],[13.4398541,52.196064],[13.434147,52.1951078],[13.4313706,52.197147],[13.4274199,52.1931319],[13.4251132,52.1976263],[13.4201774,52.195853],[13.4050644,52.1972464],[13.3657429,52.2064064],[13.3445698,52.2076578],[13.3386412,52.2035478],[13.3356929,52.2047668],[13.3379351,52.2086348],[13.3299417,52.21180780000001],[13.3255257,52.2147319],[13.314424000000002,52.21538170000001],[13.2917839,52.225459],[13.2983673,52.2284867],[13.3067352,52.227379],[13.3074851,52.232914],[13.3106362,52.2312857],[13.3100847,52.2370495],[13.3013579,52.2409121],[13.308,52.2510504]]]},"properties":{"plz":"15806","note":"15806 Zossen","qkm":180.41872,"einwohner":17263}},{"type":"Feature","geometry":{"type":"Polygon","coordinates":[[[13.3498059,52.3257018],[13.359685,52.3326099],[13.3782346,52.3353562],[13.3837248,52.3351665],[13.3929192,52.3466851],[13.418305700000001,52.352466],[13.4258455,52.3441671],[13.4261452,52.3379529],[13.451057,52.3324684],[13.4521876,52.323563500000006],[13.4641814,52.318329],[13.4624015,52.3113872],[13.4513495,52.2995145],[13.4166215,52.3072599],[13.4107332,52.3195606],[13.3683706,52.3190983],[13.3602536,52.3103784],[13.3540222,52.31106380000001],[13.3539879,52.3082308],[13.3511469,52.3105909],[13.3445407,52.3099369],[13.3435255,52.3175878],[13.3501988,52.3163023],[13.3498059,52.3257018]]]},"properties":{"plz":"15827","note":"15827 Blankenfelde-Mahlow","qkm":22.787005,"einwohner":12838}},{"type":"Feature","geometry":{"type":"MultiPolygon","coordinates":[[[[13.3445407,52.3099369],[13.3511469,52.3105909],[13.3539879,52.3082308],[13.3540222,52.31106380000001],[13.3602536,52.3103784],[13.3683706,52.3190983],[13.4107332,52.3195606],[13.4166215,52.3072599],[13.4026199,52.295861200000004],[13.3924704,52.2946013],[13.393285800000001,52.2872909],[13.3676654,52.2906641],[13.3445407,52.3099369]]],[[[13.3884366,52.377865],[13.412240200000001,52.376815],[13.4208338,52.3761269],[13.4181476,52.3657644],[13.441907,52.3632707],[13.4419665,52.3527544],[13.4465128,52.3468544],[13.4605664,52.3405583],[13.4971509,52.3370349],[13.4956002,52.3308921],[13.483681100000002,52.3221044],[13.4774564,52.3150205],[13.4624015,52.3113872],[13.4641814,52.318329],[13.4521876,52.323563500000006],[13.451057,52.3324684],[13.4261452,52.3379529],[13.4258455,52.3441671],[13.418305700000001,52.352466],[13.3929192,52.3466851],[13.3837248,52.3351665],[13.3782346,52.3353562],[13.3832109,52.3548419],[13.3806741,52.360568],[13.371287700000002,52.3646275],[13.3725829,52.3685304],[13.3778119,52.3679214],[13.3884366,52.377865]]]]},"properties":{"plz":"15831","note":"15831 Blankenfelde-Mahlow","qkm":32.466305,"einwohner":12753}},{"type":"Feature","geometry":{"type":"Polygon","coordinates":[[[13.393285800000001,52.2872909],[13.3924704,52.2946013],[13.4026199,52.295861200000004],[13.4166215,52.3072599],[13.4513495,52.2995145],[13.4624015,52.3113872],[13.4774564,52.3150205],[13.483681100000002,52.3221044],[13.4975705,52.307013100000006],[13.495838,52.2981291],[13.4868904,52.298416200000005],[13.4833423,52.2860848],[13.5075976,52.28194700000001],[13.5076649,52.2682556],[13.5112614,52.2671307],[13.4955518,52.2654138],[13.4899212,52.260802],[13.4712836,52.2618605],[13.4543702,52.259917],[13.449736400000003,52.2567228],[13.4477773,52.2549391],[13.425226400000001,52.2596662],[13.4191345,52.268761500000004],[13.4241513,52.2718922],[13.4173964,52.273306700000006],[13.415756,52.2699801],[13.4082962,52.2694299],[13.4000021,52.2818303],[13.396826300000003,52.2798086],[13.3920413,52.2820009],[13.393285800000001,52.2872909]]]},"properties":{"plz":"15834","note":"15834 Rangsdorf","qkm":33.880537,"einwohner":10405}},{"type":"Feature","geometry":{"type":"Polygon","coordinates":[[[13.2785761,51.9810822],[13.2867752,51.9875707],[13.3035894,51.9862434],[13.3024459,51.9899094],[13.3111405,51.9900098],[13.3121815,51.9945703],[13.3069338,51.9945412],[13.3096953,52.0060302],[13.3319914,52.0000634],[13.3269041,52.0060169],[13.3368064,52.0082367],[13.3500074,52.006479],[13.3569919,52.0094986],[13.3588348,52.017365],[13.3721517,52.0140295],[13.3807148,52.0146157],[13.381544600000002,52.0071788],[13.39757,52.0048161],[13.3970262,52.0142315],[13.408968500000002,52.0173125],[13.414706,52.0321348],[13.4104436,52.0431875],[13.4061482,52.0452751],[13.407755900000002,52.0629849],[13.400770000000001,52.0657254],[13.3814279,52.0638709],[13.3670898,52.065444],[13.373442300000002,52.0661913],[13.368183,52.0812778],[13.3730935,52.081653],[13.3729538,52.0889409],[13.393069200000001,52.0936728],[13.4239811,52.1101946],[13.4527523,52.1103612],[13.461856800000001,52.1128268],[13.4926918,52.1085981],[13.5010279,52.0923637],[13.513409,52.092166],[13.540784,52.0972851],[13.5567107,52.09078010000001],[13.5810705,52.0891716],[13.6227983,52.073065500000006],[13.6312699,52.0704888],[13.6478969,52.0568636],[13.6528744,52.0481356],[13.637147100000002,52.0350139],[13.6411372,52.0235149],[13.6376622,52.0254663],[13.6347686,52.0190472],[13.645909200000002,52.014662300000005],[13.6466762,52.0116596],[13.633817,52.0103363],[13.5981326,52.0069827],[13.5904935,52.0043408],[13.5915687,52.0010553],[13.5602055,51.9987543],[13.5587348,51.9944558],[13.5469707,51.9901791],[13.5261609,51.9873073],[13.5103246,51.9734827],[13.4938444,51.96563600000001],[13.4298446,51.9770076],[13.4146248,51.9761008],[13.4091692,51.9732913],[13.3916962,51.9755721],[13.391108300000003,51.9685793],[13.3730881,51.9729992],[13.3755032,51.9566804],[13.3507764,51.9582904],[13.3435683,51.9732454],[13.3200067,51.9736876],[13.3181388,51.9771469],[13.3041363,51.9745729],[13.3046824,51.9777002],[13.2785881,51.9776983],[13.2785761,51.9810822]]]},"properties":{"plz":"15837","note":"15837 Baruth","qkm":234.248515,"einwohner":4237}},{"type":"Feature","geometry":{"type":"Polygon","coordinates":[[[13.3066769,52.1744984],[13.3111913,52.1829183],[13.3190469,52.1801882],[13.3152833,52.1858232],[13.3192111,52.1887759],[13.3190909,52.1966826],[13.3040015,52.199443],[13.306471,52.2041444],[13.3081256,52.2062708],[13.3136789,52.2052096],[13.318649,52.21248070000001],[13.3285126,52.2077015],[13.3299417,52.21180780000001],[13.3379351,52.2086348],[13.3356929,52.2047668],[13.3386412,52.2035478],[13.3445698,52.2076578],[13.3657429,52.2064064],[13.4050644,52.1972464],[13.4201774,52.195853],[13.4251132,52.1976263],[13.4274199,52.1931319],[13.4313706,52.197147],[13.434147,52.1951078],[13.4398541,52.196064],[13.4381933,52.187973],[13.444169300000002,52.1818252],[13.4413819,52.1811365],[13.4472302,52.1810246],[13.4473257,52.1786734],[13.4109985,52.1706826],[13.4165736,52.1601577],[13.4275492,52.1551228],[13.4356763,52.1561641],[13.439687,52.14868],[13.4467238,52.1445116],[13.4474351,52.1387516],[13.4519005,52.1397057],[13.461693800000003,52.1351621],[13.453233,52.1277687],[13.4651291,52.125217],[13.4674591,52.1196553],[13.4516945,52.117465],[13.4527523,52.1103612],[13.4239811,52.1101946],[13.393069200000001,52.0936728],[13.3729538,52.0889409],[13.3279609,52.0867521],[13.3015861,52.0893167],[13.3064157,52.090353],[13.3054199,52.0990889],[13.3116977,52.0989168],[13.3161212,52.1062187],[13.2981975,52.11716450000001],[13.3245614,52.1499029],[13.3256701,52.1656738],[13.3194546,52.1767981],[13.3066769,52.1744984]]]},"properties":{"plz":"15838","note":"15838 Am Mellensee","qkm":104.866231,"einwohner":6547}},{"type":"Feature","geometry":{"type":"Polygon","coordinates":[[[14.0068803,52.1175156],[14.016720800000002,52.129564],[14.03798,52.1341451],[14.0412726,52.1321339],[14.0488032,52.1337395],[14.0579463,52.1482096],[14.0657086,52.150199],[14.0666109,52.1547181],[14.0560323,52.1571378],[14.0581909,52.1602563],[14.0402716,52.1630271],[14.0452734,52.1706238],[14.053200000000002,52.1742],[14.0328174,52.1802921],[14.047812,52.1937692],[14.0286149,52.2036916],[14.0392952,52.2106411],[14.0447905,52.210599],[14.055885200000002,52.2244546],[14.0743412,52.21985],[14.0764205,52.2227827],[14.095,52.2227],[14.0819,52.2333],[14.0954,52.2382],[14.0914,52.2425],[14.1035588,52.252902],[14.095436,52.2585057],[14.1145891,52.2730016],[14.1174816,52.2801614],[14.1002618,52.28602200000001],[14.1038581,52.2959074],[14.1093631,52.296351],[14.1094607,52.306582500000005],[14.1207325,52.3102689],[14.1174527,52.3190793],[14.1258716,52.3196715],[14.1372517,52.328504300000006],[14.148220900000002,52.3282925],[14.1520693,52.3316921],[14.1546625,52.3269844],[14.162496400000002,52.3259805],[14.168,52.3283],[14.1785304,52.3220271],[14.1871,52.3218],[14.184168400000003,52.3191587],[14.1931,52.319],[14.1909066,52.314407],[14.20054,52.3147015],[14.196595,52.3127056],[14.1982569,52.3088684],[14.2117687,52.3030664],[14.2263719,52.3042252],[14.2303136,52.2970831],[14.2249503,52.2946153],[14.231453,52.2935037],[14.231983,52.290283],[14.240523200000002,52.2899384],[14.2442021,52.2965404],[14.240198100000002,52.2991873],[14.2418407,52.302301],[14.2489582,52.3015459],[14.2485162,52.2985515],[14.2551,52.2992],[14.2580659,52.2944912],[14.2759723,52.2973554],[14.2821393,52.2931415],[14.280766,52.2849861],[14.3035444,52.276075],[14.3102632,52.2785903],[14.3189526,52.2812205],[14.3432303,52.2729345],[14.3438068,52.27005690000001],[14.332765700000001,52.2692819],[14.3348,52.2552],[14.3232784,52.254497],[14.325107300000003,52.2437951],[14.3697929,52.2324958],[14.3665,52.2275],[14.369139500000001,52.2205994],[14.3844549,52.2201814],[14.3899835,52.2176495],[14.375142600000002,52.1916888],[14.3770416,52.1878174],[14.3703527,52.1778076],[14.3620702,52.1754485],[14.360854500000002,52.1690316],[14.3743095,52.1489473],[14.387099400000002,52.1386871],[14.4017617,52.133505],[14.406413599999999,52.1364416],[14.4101526,52.148230700000006],[14.4100939,52.1395703],[14.4046423,52.1321743],[14.4181419,52.1129908],[14.421628800000002,52.1164451],[14.4310487,52.1142067],[14.436735000000002,52.1084418],[14.445299999999998,52.1105],[14.452987299999998,52.1089037],[14.463586300000001,52.0898441],[14.4539046,52.07609490000001],[14.438503000000003,52.079046],[14.4510402,52.0746564],[14.445716,52.0697849],[14.4511674,52.06004200000001],[14.457398700000002,52.0592082],[14.461620499999999,52.0551834],[14.4699081,52.0550814],[14.466694100000002,52.0486646],[14.4454253,52.0399364],[14.4461339,52.0262461],[14.416887599999999,52.024278900000006],[14.406673799999998,52.0272993],[14.4011167,52.0313935],[14.400798600000002,52.0529256],[14.353980499999999,52.0724033],[14.3307371,52.0685687],[14.319904900000001,52.0618195],[14.31107,52.0607665],[14.3049075,52.0561166],[14.3021887,52.0478391],[14.295641,52.0444922],[14.2998863,52.036324900000004],[14.2864656,52.0398696],[14.2696288,52.03502410000001],[14.2698574,52.0325278],[14.2396826,52.0351997],[14.2402054,52.0398922],[14.2205251,52.0415716],[14.2144839,52.0525685],[14.217589,52.0610281],[14.2132649,52.0676717],[14.2198717,52.0693232],[14.2300351,52.0822371],[14.2477409,52.0869213],[14.2369155,52.084101],[14.227516,52.0853609],[14.2231665,52.0789872],[14.2173837,52.0783298],[14.2046976,52.0868102],[14.204694400000001,52.0728648],[14.1944228,52.0577827],[14.159906,52.0573594],[14.1432267,52.0526894],[14.1388805,52.048736000000005],[14.1256154,52.0516233],[14.1274758,52.061396],[14.1243801,52.0675262],[14.1139059,52.0720985],[14.1152674,52.075285],[14.1092655,52.0806263],[14.1120797,52.0874282],[14.1007843,52.0887111],[14.09682,52.0918463],[14.0894354,52.0910124],[14.0875085,52.0968425],[14.0659623,52.1007087],[14.0640788,52.1084663],[14.0428722,52.10479660000001],[14.044102800000001,52.1151111],[14.034889,52.1104692],[14.017052,52.1119331],[14.0123616,52.10889170000001],[14.0072397,52.1107162],[14.0097321,52.1141308],[14.005943600000002,52.1145157],[14.0068803,52.1175156]]]},"properties":{"plz":"15848","note":"15848 Beeskow","qkm":603.529421,"einwohner":20015}},{"type":"Feature","geometry":{"type":"Polygon","coordinates":[[[13.8538134,52.2900705],[13.8764,52.2922],[13.8841976,52.2974877],[13.8871747,52.2974148],[13.8835431,52.292239],[13.8886842,52.29150310000001],[13.8929471,52.3002188],[13.8918059,52.3032987],[13.8832452,52.3021349],[13.883466300000002,52.3061145],[13.8936052,52.3064597],[13.8980583,52.3114937],[13.9066723,52.3076225],[13.919636,52.308010900000006],[13.9174098,52.3028041],[13.9293735,52.2912783],[13.9289197,52.2799825],[13.9338431,52.2786356],[13.932266,52.2767989],[13.936853600000001,52.2765816],[13.9375886,52.282396],[13.9435881,52.28045650000001],[13.954572300000002,52.2771856],[13.969495,52.2669177],[13.9797529,52.253078],[13.9762606,52.2526694],[13.9821325,52.2360309],[13.9942379,52.2267512],[13.994111,52.2119244],[13.9392928,52.195844300000005],[13.940686800000002,52.1903077],[13.9338911,52.1810776],[13.936627,52.1786586],[13.9886296,52.1758368],[13.996109800000001,52.1831123],[14.0328174,52.1802921],[14.053200000000002,52.1742],[14.0452734,52.1706238],[14.0402716,52.1630271],[14.0581909,52.1602563],[14.0560323,52.1571378],[14.0666109,52.1547181],[14.0657086,52.150199],[14.0579463,52.1482096],[14.0488032,52.1337395],[14.0412726,52.1321339],[14.03798,52.1341451],[14.016720800000002,52.129564],[14.0068803,52.1175156],[13.9998115,52.1158164],[13.9974294,52.1196323],[13.989761,52.118971],[13.9796372,52.1307765],[13.971230900000002,52.1338145],[13.9697021,52.1318612],[13.968287,52.1360108],[13.9381236,52.1376966],[13.9317941,52.131299],[13.909228,52.1283026],[13.9076222,52.1230472],[13.8893105,52.1234575],[13.888947100000001,52.1214017],[13.8719363,52.1181693],[13.8449993,52.1215973],[13.8461409,52.1331375],[13.8588771,52.1313535],[13.864249,52.1374305],[13.867959,52.1362505],[13.8757514,52.147321500000004],[13.8693677,52.1467461],[13.8672327,52.150355100000006],[13.8612878,52.1510917],[13.8577478,52.1583203],[13.8504978,52.1603807],[13.8503788,52.1649554],[13.8562229,52.1644846],[13.8596154,52.1725301],[13.8895698,52.1696072],[13.8940279,52.1841438],[13.8787411,52.1821157],[13.8563431,52.18945020000001],[13.8516428,52.1830553],[13.834735,52.1853352],[13.8458759,52.1980953],[13.8566553,52.2013076],[13.8474348,52.205279],[13.8396692,52.2132038],[13.8410028,52.2199665],[13.8537648,52.225043],[13.8278875,52.232624],[13.8243583,52.2423588],[13.817505300000002,52.2438846],[13.8302613,52.2450577],[13.8344216,52.2478874],[13.839871800000001,52.257237100000005],[13.8374007,52.2632457],[13.8573658,52.2607742],[13.8596766,52.2633094],[13.8493787,52.2698245],[13.855933600000002,52.2753534],[13.8629036,52.2753156],[13.851839,52.2853253],[13.8538134,52.2900705]]]},"properties":{"plz":"15859","note":"15859 Storkow","qkm":180.732488,"einwohner":9060}},{"type":"Feature","geometry":{"type":"Polygon","coordinates":[[[13.9942379,52.2267512],[13.9981088,52.2210044],[14.0014434,52.2287989],[14.015973400000002,52.2283409],[14.0134044,52.2210087],[14.0193484,52.2201112],[14.0133757,52.2125594],[14.0077838,52.211167],[14.0168532,52.2033343],[14.0204986,52.2071829],[14.0179161,52.2077359],[14.0271322,52.210081],[14.033268,52.2189784],[14.042239700000001,52.22255160000001],[14.0582949,52.2436452],[14.067518500000002,52.2466295],[14.0712725,52.2581702],[14.095436,52.2585057],[14.1035588,52.252902],[14.0914,52.2425],[14.0954,52.2382],[14.0819,52.2333],[14.095,52.2227],[14.0764205,52.2227827],[14.0743412,52.21985],[14.055885200000002,52.2244546],[14.0447905,52.210599],[14.0392952,52.2106411],[14.0286149,52.2036916],[14.047812,52.1937692],[14.0328174,52.1802921],[13.996109800000001,52.1831123],[13.9886296,52.1758368],[13.936627,52.1786586],[13.9338911,52.1810776],[13.940686800000002,52.1903077],[13.9392928,52.195844300000005],[13.994111,52.2119244],[13.9942379,52.2267512]]]},"properties":{"plz":"15864","note":"15864 Wendisch Rietz","qkm":34.703375,"einwohner":1981}},{"type":"Feature","geometry":{"type":"Polygon","coordinates":[[[14.2698574,52.0325278],[14.2696288,52.03502410000001],[14.2864656,52.0398696],[14.2998863,52.036324900000004],[14.295641,52.0444922],[14.3021887,52.0478391],[14.3049075,52.0561166],[14.31107,52.0607665],[14.319904900000001,52.0618195],[14.3307371,52.0685687],[14.353980499999999,52.0724033],[14.400798600000002,52.0529256],[14.4011167,52.0313935],[14.406673799999998,52.0272993],[14.416887599999999,52.024278900000006],[14.4461339,52.0262461],[14.4534531,52.014467200000006],[14.4356618,52.0128382],[14.4371746,52.0103815],[14.4303667,52.0090236],[14.3915852,52.0081271],[14.385379599999998,52.0037557],[14.3693682,52.0010985],[14.3738212,51.9775214],[14.3931483,51.9354199],[14.3818643,51.9323267],[14.3442982,51.9336353],[14.329979699999999,51.9556277],[14.320858,51.9633134],[14.301585,51.9632944],[14.2903844,51.9591933],[14.267979900000002,51.9642656],[14.2717846,51.9699411],[14.264589600000003,51.9769069],[14.2670602,51.9782943],[14.2556076,51.9869504],[14.2518697,51.9984166],[14.2436078,51.99562000000001],[14.245298,51.9909121],[14.2392406,51.9935706],[14.2310172,51.9930505],[14.2316782,51.9969913],[14.2262526,51.9967356],[14.224320800000001,51.9996378],[14.2298612,52.0040946],[14.2201254,52.0110224],[14.2325375,52.0228791],[14.2675525,52.0282963],[14.2698574,52.0325278]]]},"properties":{"plz":"15868","note":"15868 Lieberose","qkm":116.756125,"einwohner":2090}},{"type":"Feature","geometry":{"type":"Polygon","coordinates":[[[14.529303999999998,52.220396],[14.555135399999998,52.2241741],[14.559792999999999,52.21732],[14.566081,52.215765],[14.580513999999999,52.217759],[14.5948296,52.20922],[14.603040599999998,52.208901],[14.584967600000002,52.2253447],[14.586765100000001,52.2279028],[14.6189104,52.1966586],[14.6311478,52.1973351],[14.6374844,52.1945498],[14.667393400000002,52.2012102],[14.665953200000002,52.2044326],[14.676778699999998,52.2081764],[14.6806469,52.2141511],[14.6935614,52.2151989],[14.6982905,52.2090505],[14.704570899999998,52.2074791],[14.6858141,52.193906],[14.7028631,52.1784994],[14.705567199999999,52.16891420000001],[14.6810449,52.145481600000004],[14.6794487,52.1402495],[14.6841094,52.1256432],[14.6831929,52.1124206],[14.7000279,52.0983169],[14.6893749,52.0956795],[14.6762339,52.1079775],[14.6650985,52.1083004],[14.6569042,52.1172467],[14.6522762,52.1176915],[14.654028700000001,52.1236134],[14.632580100000002,52.1193342],[14.6211217,52.1243689],[14.607667799999998,52.1159184],[14.5847312,52.1137936],[14.576345500000002,52.1143668],[14.575200000000002,52.1227],[14.5588319,52.1165692],[14.5570756,52.1294116],[14.546380000000001,52.12686990000001],[14.5369322,52.1293365],[14.529736399999999,52.1217353],[14.5363185,52.1220917],[14.537341,52.1188184],[14.522700000000002,52.1012],[14.5006558,52.09446230000001],[14.498550700000001,52.0843505],[14.4922355,52.0846641],[14.4890091,52.0895376],[14.4839733,52.0889903],[14.486542299999998,52.0940226],[14.4785724,52.1006365],[14.476399100000002,52.1086496],[14.481034700000002,52.1119964],[14.465975399999998,52.1198978],[14.46859,52.1247056],[14.4607875,52.1366735],[14.455244800000001,52.1384429],[14.4557127,52.1346516],[14.4510051,52.1356626],[14.453531399999997,52.1416324],[14.447922200000002,52.144918200000006],[14.4496222,52.1537908],[14.443842500000002,52.1550342],[14.442489,52.1619178],[14.431276400000002,52.1660594],[14.433112399999999,52.1683721],[14.4269741,52.1739564],[14.430638,52.1831554],[14.436831500000002,52.1848273],[14.4369717,52.1873397],[14.4326,52.1932],[14.434517700000002,52.1994294],[14.4283238,52.2010181],[14.4283903,52.2072196],[14.4203661,52.2127787],[14.421938400000002,52.2177321],[14.418639400000002,52.2201804],[14.425814799999998,52.21800240000001],[14.429761500000001,52.231499500000005],[14.423487100000001,52.2352875],[14.4448623,52.2268417],[14.4833484,52.2255929],[14.529303999999998,52.220396]]]},"properties":{"plz":"15890","note":"15890 Eisenh\u00fcttenstadt","qkm":196.144549,"einwohner":32479}},{"type":"Feature","geometry":{"type":"Polygon","coordinates":[[[14.482996600000002,52.0576962],[14.479607400000003,52.0588682],[14.489247500000001,52.0706231],[14.4803158,52.0759287],[14.4852955,52.0810264],[14.4839733,52.0889903],[14.4890091,52.0895376],[14.4922355,52.0846641],[14.498550700000001,52.0843505],[14.5006558,52.09446230000001],[14.522700000000002,52.1012],[14.537341,52.1188184],[14.5363185,52.1220917],[14.529736399999999,52.1217353],[14.5369322,52.1293365],[14.546380000000001,52.12686990000001],[14.5570756,52.1294116],[14.5588319,52.1165692],[14.575200000000002,52.1227],[14.576345500000002,52.1143668],[14.5847312,52.1137936],[14.607667799999998,52.1159184],[14.6211217,52.1243689],[14.632580100000002,52.1193342],[14.654028700000001,52.1236134],[14.6522762,52.1176915],[14.6569042,52.1172467],[14.6650985,52.1083004],[14.6762339,52.1079775],[14.6893749,52.0956795],[14.7000279,52.0983169],[14.7208928,52.094625],[14.7395252,52.0861532],[14.759046000000001,52.065892],[14.756702,52.060161],[14.745448999999999,52.054332],[14.749859100000002,52.0430343],[14.7484224,52.031928],[14.7402172,52.0287557],[14.741510200000002,52.0235596],[14.7265843,52.0137258],[14.725215099999998,52.008206300000005],[14.7143561,52.0043707],[14.7165747,52.0012447],[14.712458199999999,51.9999289],[14.6992309,52.0070422],[14.709915800000001,52.0130061],[14.703806800000002,52.0149702],[14.698729300000002,52.014619],[14.697698800000001,52.0099926],[14.680188500000002,52.0017393],[14.670951699999998,52.0037202],[14.6611981,52.01095780000001],[14.6658202,52.0154623],[14.6496341,52.027833300000005],[14.6161153,52.0283414],[14.601308399999999,52.0336286],[14.590301,52.0340444],[14.5781688,52.0301117],[14.562541100000002,52.0191971],[14.565599899999999,52.0172929],[14.5627799,52.008962],[14.5575467,52.008211],[14.557183799999999,52.0052123],[14.5221569,52.0102864],[14.5009142,52.0077075],[14.492015300000002,52.0158182],[14.4916886,52.030045],[14.482952600000003,52.0373962],[14.479156399999999,52.045958],[14.4852974,52.0533352],[14.482996600000002,52.0576962]]]},"properties":{"plz":"15898","note":"15898 Neuzelle","qkm":184.947957,"einwohner":6816}},{"type":"Feature","geometry":{"type":"Polygon","coordinates":[[[13.925274300000002,51.988364700000005],[13.9495155,51.9909491],[13.9577172,51.9885327],[13.9591093,51.9818959],[13.9440612,51.9757835],[13.9596773,51.9713362],[13.9601023,51.96895610000001],[13.9644465,51.973122],[13.9669479,51.9689855],[13.9713382,51.9688997],[13.977342,51.9604025],[13.9698141,51.9549789],[14.0003744,51.9449016],[14.0195732,51.9439626],[14.019117,51.9412024],[14.0102194,51.9422144],[14.0045937,51.9398461],[13.9996422,51.9420322],[14.0007259,51.9350033],[13.9967018,51.93190830000001],[13.9815027,51.9329297],[13.9887108,51.9198533],[13.9959563,51.9171333],[13.991235100000003,51.9145916],[13.9821068,51.9154366],[13.9821427,51.8995842],[13.95961,51.9007431],[13.9508174,51.8980843],[13.9380952,51.9019187],[13.9290625,51.897912],[13.9222448,51.9031726],[13.9245479,51.900503],[13.9160316,51.9006177],[13.9166887,51.8980483],[13.899767200000001,51.8927934],[13.863721200000002,51.892133],[13.8663377,51.9010797],[13.8587268,51.8995587],[13.85179,51.9035679],[13.8362031,51.9049346],[13.8319284,51.9094183],[13.835854000000001,51.911851],[13.8332089,51.9178211],[13.8168145,51.9286085],[13.8133548,51.9303486],[13.8156338,51.9325744],[13.8056539,51.9363876],[13.8056802,51.9458755],[13.7941846,51.94880770000001],[13.796493300000002,51.9542044],[13.7927153,51.9547189],[13.8000567,51.96153],[13.78802,51.9623516],[13.7966128,51.9681141],[13.7976848,51.9881546],[13.8219173,51.9987877],[13.833816300000002,51.9931091],[13.8480134,51.9974192],[13.8530653,51.996567],[13.8540342,51.9937973],[13.8486145,51.9920865],[13.8583245,51.9888199],[13.8673303,51.9960606],[13.8806229,51.9975113],[13.8832139,51.9920322],[13.8979487,51.9853814],[13.925274300000002,51.988364700000005]]]},"properties":{"plz":"15907","note":"15907 L\u00fcbben (Spreewald)","qkm":120.881927,"einwohner":13897}},{"type":"Feature","geometry":{"type":"Polygon","coordinates":[[[13.633817,52.0103363],[13.6466762,52.0116596],[13.645909200000002,52.014662300000005],[13.6347686,52.0190472],[13.6376622,52.0254663],[13.6411372,52.0235149],[13.637147100000002,52.0350139],[13.6528744,52.0481356],[13.6478969,52.0568636],[13.6819909,52.0506704],[13.6782336,52.054303],[13.683525200000002,52.0509922],[13.6890108,52.054563],[13.6895912,52.0512662],[13.7053765,52.0425431],[13.6990304,52.0295312],[13.7192521,52.0294797],[13.722036,52.0260133],[13.7275051,52.0353678],[13.737955,52.040159200000005],[13.7492632,52.042152200000004],[13.7590752,52.0380495],[13.7662247,52.0415173],[13.7701494,52.0520699],[13.7627851,52.0573487],[13.7655693,52.0584959],[13.7752183,52.0510405],[13.7725282,52.0580415],[13.7754458,52.0768654],[13.7837992,52.076859],[13.787174,52.080179],[13.7979959,52.0837216],[13.7995181,52.0817668],[13.7872315,52.0793898],[13.7840214,52.0756801],[13.7829401,52.0687872],[13.7892306,52.0676361],[13.7868008,52.06216580000001],[13.7973832,52.06673510000001],[13.795709,52.0711397],[13.8017973,52.0689279],[13.8050807,52.0718616],[13.8344757,52.0732862],[13.838679300000003,52.0761752],[13.8368462,52.0721048],[13.8429134,52.0695703],[13.846034400000002,52.0781537],[13.8379811,52.0814205],[13.8442767,52.0839977],[13.8397973,52.0967979],[13.851775000000002,52.0973197],[13.8538293,52.1020448],[13.8650954,52.1025145],[13.8708878,52.1059327],[13.878341,52.1126424],[13.8773292,52.1176492],[13.8719363,52.1181693],[13.888947100000001,52.1214017],[13.8893105,52.1234575],[13.9076222,52.1230472],[13.909228,52.1283026],[13.9317941,52.131299],[13.9335722,52.1262082],[13.927853,52.1272064],[13.9172183,52.1237368],[13.9208374,52.1190585],[13.9186583,52.1137383],[13.9096548,52.1138921],[13.911887000000002,52.1087393],[13.9023482,52.1064363],[13.906753600000002,52.1037477],[13.8983124,52.1012272],[13.8965651,52.0974849],[13.8885263,52.0975804],[13.8797173,52.0902586],[13.8908007,52.09047730000001],[13.8919338,52.0854906],[13.900752700000002,52.0847897],[13.9007839,52.0827909],[13.9030684,52.0866585],[13.9114799,52.0860102],[13.9260949,52.0722313],[13.9243987,52.0650792],[13.9146412,52.0630839],[13.9119037,52.0552738],[13.9043963,52.0509889],[13.9076004,52.0495222],[13.9044604,52.0457304],[13.9111117,52.0463231],[13.9224617,52.0556796],[13.9308816,52.0474509],[13.9267751,52.002707900000004],[13.9214879,52.001911],[13.925274300000002,51.988364700000005],[13.8979487,51.9853814],[13.8832139,51.9920322],[13.8806229,51.9975113],[13.8673303,51.9960606],[13.8583245,51.9888199],[13.8486145,51.9920865],[13.8540342,51.9937973],[13.8530653,51.996567],[13.8480134,51.9974192],[13.833816300000002,51.9931091],[13.8219173,51.9987877],[13.7976848,51.9881546],[13.7966128,51.9681141],[13.78802,51.9623516],[13.8000567,51.96153],[13.7927153,51.9547189],[13.796493300000002,51.9542044],[13.7941846,51.94880770000001],[13.8056802,51.9458755],[13.8056539,51.9363876],[13.8156338,51.9325744],[13.8133548,51.9303486],[13.8168145,51.9286085],[13.800749600000001,51.9241087],[13.7857178,51.9151425],[13.7847369,51.9073513],[13.7666564,51.90245230000001],[13.752895,51.9027877],[13.7474466,51.90494100000001],[13.7479611,51.9093416],[13.7528904,51.921161],[13.7613958,51.9242722],[13.7638442,51.9501295],[13.7497811,51.9530556],[13.7412823,51.9464143],[13.720773200000002,51.9439283],[13.703769300000001,51.9472027],[13.700924,51.96605050000001],[13.693993,51.9706259],[13.6844173,51.9693749],[13.6794474,51.9731449],[13.6683276,51.971945100000006],[13.6724616,51.9782134],[13.6653337,51.9795235],[13.6559082,51.9948105],[13.6484124,51.9941323],[13.6493764,52.0021228],[13.6341528,52.0038106],[13.633817,52.0103363]]]},"properties":{"plz":"15910","note":"15910 Sch\u00f6nwalde","qkm":216.599544,"einwohner":4850}},{"type":"Feature","geometry":{"type":"Polygon","coordinates":[[[13.9317941,52.131299],[13.9381236,52.1376966],[13.968287,52.1360108],[13.9697021,52.1318612],[13.971230900000002,52.1338145],[13.9796372,52.1307765],[13.989761,52.118971],[13.9974294,52.1196323],[13.9998115,52.1158164],[14.0068803,52.1175156],[14.005943600000002,52.1145157],[14.0097321,52.1141308],[14.0072397,52.1107162],[14.0123616,52.10889170000001],[14.017052,52.1119331],[14.034889,52.1104692],[14.044102800000001,52.1151111],[14.0428722,52.10479660000001],[14.0640788,52.1084663],[14.0659623,52.1007087],[14.0875085,52.0968425],[14.0894354,52.0910124],[14.09682,52.0918463],[14.1007843,52.0887111],[14.1120797,52.0874282],[14.1092655,52.0806263],[14.1152674,52.075285],[14.1139059,52.0720985],[14.1243801,52.0675262],[14.1274758,52.061396],[14.1256154,52.0516233],[14.1388805,52.048736000000005],[14.1432267,52.0526894],[14.159906,52.0573594],[14.1944228,52.0577827],[14.204694400000001,52.0728648],[14.2046976,52.0868102],[14.2173837,52.0783298],[14.2231665,52.0789872],[14.227516,52.0853609],[14.2369155,52.084101],[14.2477409,52.0869213],[14.2300351,52.0822371],[14.2198717,52.0693232],[14.2132649,52.0676717],[14.217589,52.0610281],[14.2144839,52.0525685],[14.2205251,52.0415716],[14.2402054,52.0398922],[14.2396826,52.0351997],[14.2698574,52.0325278],[14.2675525,52.0282963],[14.2325375,52.0228791],[14.2201254,52.0110224],[14.2298612,52.0040946],[14.224320800000001,51.9996378],[14.2262526,51.9967356],[14.2316782,51.9969913],[14.2310172,51.9930505],[14.2392406,51.9935706],[14.245298,51.9909121],[14.2436078,51.99562000000001],[14.2518697,51.9984166],[14.2556076,51.9869504],[14.2670602,51.9782943],[14.264589600000003,51.9769069],[14.2717846,51.9699411],[14.267979900000002,51.9642656],[14.2903844,51.9591933],[14.301585,51.9632944],[14.320858,51.9633134],[14.329979699999999,51.9556277],[14.3442982,51.9336353],[14.3334477,51.9358913],[14.3178905,51.9348888],[14.2496802,51.90782250000001],[14.2234622,51.9042344],[14.225554500000001,51.8885165],[14.214820900000001,51.8692548],[14.1812488,51.8645383],[14.173717700000001,51.8570166],[14.133642700000001,51.871866],[14.097612,51.8732173],[14.0882981,51.87834240000001],[14.0292988,51.8844499],[13.9821427,51.8995842],[13.9821068,51.9154366],[13.991235100000003,51.9145916],[13.9959563,51.9171333],[13.9887108,51.9198533],[13.9815027,51.9329297],[13.9967018,51.93190830000001],[14.0007259,51.9350033],[13.9996422,51.9420322],[14.0045937,51.9398461],[14.0102194,51.9422144],[14.019117,51.9412024],[14.0195732,51.9439626],[14.0003744,51.9449016],[13.9698141,51.9549789],[13.977342,51.9604025],[13.9713382,51.9688997],[13.9669479,51.9689855],[13.9644465,51.973122],[13.9601023,51.96895610000001],[13.9596773,51.9713362],[13.9440612,51.9757835],[13.9591093,51.9818959],[13.9577172,51.9885327],[13.9495155,51.9909491],[13.925274300000002,51.988364700000005],[13.9214879,52.001911],[13.9267751,52.002707900000004],[13.9308816,52.0474509],[13.9224617,52.0556796],[13.9111117,52.0463231],[13.9044604,52.0457304],[13.9076004,52.0495222],[13.9043963,52.0509889],[13.9119037,52.0552738],[13.9146412,52.0630839],[13.9243987,52.0650792],[13.9260949,52.0722313],[13.9114799,52.0860102],[13.9030684,52.0866585],[13.9007839,52.0827909],[13.900752700000002,52.0847897],[13.8919338,52.0854906],[13.8908007,52.09047730000001],[13.8797173,52.0902586],[13.8885263,52.0975804],[13.8965651,52.0974849],[13.8983124,52.1012272],[13.906753600000002,52.1037477],[13.9023482,52.1064363],[13.911887000000002,52.1087393],[13.9096548,52.1138921],[13.9186583,52.1137383],[13.9208374,52.1190585],[13.9172183,52.1237368],[13.927853,52.1272064],[13.9335722,52.1262082],[13.9317941,52.131299]]]},"properties":{"plz":"15913","note":"15913 Straupitz","qkm":510.038543,"einwohner":9842}},{"type":"Feature","geometry":{"type":"Polygon","coordinates":[[[13.5053206,51.79254],[13.5354023,51.798048],[13.5680059,51.8120776],[13.5558675,51.8208817],[13.5362416,51.8252166],[13.5473191,51.8323949],[13.5514101,51.8405975],[13.5474007,51.8433245],[13.5478218,51.8631289],[13.5390504,51.865736000000005],[13.542060100000002,51.878625],[13.5523971,51.878877],[13.5619529,51.8887657],[13.5822093,51.8917129],[13.5803318,51.8960563],[13.5856501,51.9006859],[13.6190232,51.9044927],[13.6213046,51.9073093],[13.6325153,51.9022067],[13.6362364,51.9098108],[13.6687916,51.9156909],[13.6822059,51.9142268],[13.6848347,51.9094579],[13.6879854,51.9098112],[13.7081729,51.9150221],[13.706573700000002,51.9239267],[13.714872,51.9238824],[13.7372005,51.9160933],[13.7367229,51.9137026],[13.7479611,51.9093416],[13.7474466,51.90494100000001],[13.752895,51.9027877],[13.7666564,51.90245230000001],[13.7847369,51.9073513],[13.7857178,51.9151425],[13.800749600000001,51.9241087],[13.8168145,51.9286085],[13.8332089,51.9178211],[13.835854000000001,51.911851],[13.8319284,51.9094183],[13.8362031,51.9049346],[13.85179,51.9035679],[13.8587268,51.8995587],[13.8663377,51.9010797],[13.863721200000002,51.892133],[13.863371,51.8787706],[13.8476474,51.87636770000001],[13.8274779,51.8575646],[13.8285398,51.853540100000004],[13.8430469,51.8485903],[13.8356035,51.8458762],[13.8364761,51.8435799],[13.8544434,51.8390275],[13.8429764,51.8280259],[13.8330092,51.8285349],[13.8425851,51.8213558],[13.8298662,51.8181262],[13.8389041,51.81183],[13.8343861,51.8051396],[13.837987000000002,51.78939640000001],[13.8263727,51.7894913],[13.8225234,51.786584600000005],[13.8145795,51.789137200000006],[13.8059689,51.7847536],[13.8215008,51.7744849],[13.8305729,51.7579169],[13.843331,51.7548233],[13.8509676,51.7589759],[13.8557943,51.7522177],[13.844182400000001,51.7349876],[13.8361575,51.7380651],[13.8344927,51.7418077],[13.8188151,51.7390349],[13.815555500000002,51.74286440000001],[13.7979893,51.7369599],[13.7825906,51.735178],[13.7853322,51.7490538],[13.7754669,51.7596375],[13.7659496,51.755086600000006],[13.7528616,51.7540526],[13.7292609,51.7599847],[13.718303800000001,51.7505706],[13.7117268,51.75036060000001],[13.6963013,51.7422274],[13.6956718,51.7267821],[13.6646322,51.7328971],[13.661572,51.7472702],[13.6319719,51.7427727],[13.6187118,51.7447144],[13.6090443,51.74102570000001],[13.597502,51.7435433],[13.6014353,51.7481558],[13.5880923,51.7494026],[13.5791295,51.7542549],[13.5485672,51.7469385],[13.5371236,51.7603359],[13.527256,51.7628385],[13.5235693,51.7742372],[13.5184151,51.775622000000006],[13.5206506,51.7819503],[13.5093691,51.7872026],[13.5053206,51.79254]]]},"properties":{"plz":"15926","note":"15926 Luckau, Waldrehna, Heideblick, F\u00fcrstlich Drehna","qkm":375.489886,"einwohner":13865}},{"type":"Feature","geometry":{"type":"Polygon","coordinates":[[[13.3041363,51.9745729],[13.3181388,51.9771469],[13.3200067,51.9736876],[13.3435683,51.9732454],[13.3507764,51.9582904],[13.3755032,51.9566804],[13.3730881,51.9729992],[13.391108300000003,51.9685793],[13.3916962,51.9755721],[13.4091692,51.9732913],[13.4146248,51.9761008],[13.4109416,51.9639263],[13.4200246,51.9618598],[13.4207445,51.952298000000006],[13.4122703,51.9298957],[13.4323827,51.9248838],[13.481591000000002,51.9328759],[13.4920672,51.9274631],[13.5193563,51.9299849],[13.5516493,51.9214316],[13.5462559,51.9055122],[13.569088,51.8952711],[13.5803318,51.8960563],[13.5822093,51.8917129],[13.5619529,51.8887657],[13.5523971,51.878877],[13.542060100000002,51.878625],[13.5390504,51.865736000000005],[13.5478218,51.8631289],[13.5474007,51.8433245],[13.5514101,51.8405975],[13.5473191,51.8323949],[13.5362416,51.8252166],[13.5558675,51.8208817],[13.5680059,51.8120776],[13.5354023,51.798048],[13.5053206,51.79254],[13.4975765,51.7951137],[13.493581400000002,51.791369],[13.4869376,51.7909059],[13.480691,51.7933347],[13.4798903,51.79812410000001],[13.4743942,51.7990998],[13.4634395,51.793345],[13.4537557,51.8013929],[13.4424645,51.80204820000001],[13.4448246,51.8091432],[13.4329184,51.8080298],[13.425591,51.8124672],[13.421028,51.8113978],[13.418695600000001,51.8198832],[13.4072539,51.8153423],[13.3914176,51.8169011],[13.3716248,51.8272989],[13.3545012,51.8325981],[13.3414923,51.8280815],[13.310210400000003,51.8305009],[13.297404,51.8390536],[13.305097,51.8390817],[13.3174577,51.8441685],[13.3134623,51.8448228],[13.3139537,51.855379600000006],[13.3312132,51.8773078],[13.3325176,51.8968638],[13.3368821,51.9038612],[13.3165187,51.9111116],[13.3109802,51.9083766],[13.291267100000002,51.9254186],[13.2912843,51.9320768],[13.2715582,51.9333165],[13.2735752,51.9450609],[13.2926726,51.9450079],[13.3041363,51.9745729]]]},"properties":{"plz":"15936","note":"15936 Dahme u.a.","qkm":252.273437,"einwohner":6618}},{"type":"Feature","geometry":{"type":"Polygon","coordinates":[[[13.4146248,51.9761008],[13.4298446,51.9770076],[13.4938444,51.96563600000001],[13.5103246,51.9734827],[13.5261609,51.9873073],[13.5469707,51.9901791],[13.5587348,51.9944558],[13.5602055,51.9987543],[13.5915687,52.0010553],[13.5904935,52.0043408],[13.5981326,52.0069827],[13.633817,52.0103363],[13.6341528,52.0038106],[13.6493764,52.0021228],[13.6484124,51.9941323],[13.6559082,51.9948105],[13.6653337,51.9795235],[13.6724616,51.9782134],[13.6683276,51.971945100000006],[13.6794474,51.9731449],[13.6844173,51.9693749],[13.693993,51.9706259],[13.700924,51.96605050000001],[13.703769300000001,51.9472027],[13.720773200000002,51.9439283],[13.7412823,51.9464143],[13.7497811,51.9530556],[13.7638442,51.9501295],[13.7613958,51.9242722],[13.7528904,51.921161],[13.7479611,51.9093416],[13.7367229,51.9137026],[13.7372005,51.9160933],[13.714872,51.9238824],[13.706573700000002,51.9239267],[13.7081729,51.9150221],[13.6879854,51.9098112],[13.6848347,51.9094579],[13.6822059,51.9142268],[13.6687916,51.9156909],[13.6362364,51.9098108],[13.6325153,51.9022067],[13.6213046,51.9073093],[13.6190232,51.9044927],[13.5856501,51.9006859],[13.5803318,51.8960563],[13.569088,51.8952711],[13.5462559,51.9055122],[13.5516493,51.9214316],[13.5193563,51.9299849],[13.4920672,51.9274631],[13.481591000000002,51.9328759],[13.4323827,51.9248838],[13.4122703,51.9298957],[13.4207445,51.952298000000006],[13.4200246,51.9618598],[13.4109416,51.9639263],[13.4146248,51.9761008]]]},"properties":{"plz":"15938","note":"15938 Gol\u00dfen","qkm":165.782122,"einwohner":4504}},{"type":"Feature","geometry":{"type":"Polygon","coordinates":[[[13.6581863,52.8116706],[13.70421,52.812369800000006],[13.7381682,52.8155481],[13.7376508,52.8202099],[13.7753359,52.8235332],[13.7723157,52.8278265],[13.777019300000001,52.835806],[13.7692194,52.8414093],[13.7729863,52.84523070000001],[13.7688589,52.8485418],[13.7716946,52.850665],[13.7626023,52.853181400000004],[13.7698811,52.8661761],[13.7765217,52.8655922],[13.7760614,52.8684859],[13.767797,52.871079],[13.7806373,52.871408],[13.79077,52.8651029],[13.8024034,52.8605966],[13.8212425,52.86214840000001],[13.823386,52.867135],[13.8406458,52.8711632],[13.8432138,52.8764923],[13.8479978,52.8772926],[13.8476292,52.8820892],[13.8547355,52.8822012],[13.8612618,52.875753200000005],[13.8510024,52.8669701],[13.8477451,52.8522015],[13.8604467,52.8489398],[13.869626,52.85001820000001],[13.8666582,52.8581428],[13.8692819,52.8525307],[13.8843744,52.8501797],[13.8808703,52.8494726],[13.8824193,52.8452898],[13.8740783,52.8482855],[13.8747866,52.8457442],[13.881513,52.844987],[13.8810109,52.8382584],[13.8882776,52.84022720000001],[13.9072311,52.8373719],[13.9030265,52.8368252],[13.9002236,52.8318497],[13.9102101,52.823071000000006],[13.9065301,52.8160167],[13.8986176,52.81784650000001],[13.891524700000002,52.8146219],[13.89314,52.8124739],[13.8874483,52.8146219],[13.8796805,52.812567300000005],[13.8773223,52.8148379],[13.8829504,52.8187474],[13.8710599,52.8219306],[13.867742,52.8197081],[13.862509000000001,52.8245813],[13.8441974,52.8257287],[13.839222600000001,52.8194046],[13.8525757,52.8071136],[13.8027188,52.8041992],[13.8059933,52.79704],[13.7981859,52.7966372],[13.7971709,52.7921842],[13.8077611,52.7855237],[13.794077800000002,52.78355520000001],[13.797982,52.7878845],[13.7854175,52.7868003],[13.7836526,52.7803345],[13.7893099,52.778141],[13.7875708,52.7764335],[13.7776065,52.7833762],[13.7792463,52.788757200000006],[13.6718409,52.78370970000001],[13.6712679,52.7891803],[13.6807758,52.7922413],[13.6821041,52.7985159],[13.6750413,52.7990141],[13.6719707,52.8049536],[13.659463,52.8080758],[13.6581863,52.8116706]]]},"properties":{"plz":"16225","note":"16225 Eberswalde","qkm":74.646655,"einwohner":23529}},{"type":"Feature","geometry":{"type":"Polygon","coordinates":[[[13.7626023,52.853181400000004],[13.7716946,52.850665],[13.7688589,52.8485418],[13.7729863,52.84523070000001],[13.7692194,52.8414093],[13.777019300000001,52.835806],[13.7723157,52.8278265],[13.7753359,52.8235332],[13.7376508,52.8202099],[13.7381682,52.8155481],[13.70421,52.812369800000006],[13.7117685,52.8192464],[13.6955948,52.8186901],[13.694628100000001,52.8265478],[13.6958416,52.829909],[13.705417,52.8311205],[13.7064717,52.8344605],[13.7113243,52.8338098],[13.7075602,52.8401521],[13.7119756,52.8454537],[13.7111452,52.8518631],[13.7052204,52.8635661],[13.7273711,52.867496],[13.729070700000001,52.8623131],[13.7444023,52.8616084],[13.7386822,52.85772980000001],[13.7285456,52.8581422],[13.7477673,52.8534289],[13.7626023,52.853181400000004]]]},"properties":{"plz":"16227","note":"16227 Eberswalde","qkm":20.686808,"einwohner":15774}},{"type":"Feature","geometry":{"type":"MultiPolygon","coordinates":[[[[13.6648817,52.696198100000004],[13.6666798,52.69885800000001],[13.688106400000002,52.71217870000001],[13.682433,52.7518973],[13.6868576,52.7572934],[13.680307,52.7792969],[13.6722528,52.7789802],[13.6649963,52.7872512],[13.6712679,52.7891803],[13.6718409,52.78370970000001],[13.7792463,52.788757200000006],[13.7776065,52.7833762],[13.7875708,52.7764335],[13.7893099,52.778141],[13.7836526,52.7803345],[13.7854175,52.7868003],[13.797982,52.7878845],[13.794077800000002,52.78355520000001],[13.8077611,52.7855237],[13.7971709,52.7921842],[13.7981859,52.7966372],[13.8059933,52.79704],[13.8027188,52.8041992],[13.8525757,52.8071136],[13.8596235,52.7978681],[13.8646296,52.7964124],[13.8633335,52.78771540000001],[13.8635052,52.7823491],[13.8764002,52.779358800000004],[13.871075500000002,52.77177360000001],[13.8628636,52.77198],[13.8617255,52.758644],[13.830499,52.7537038],[13.8010984,52.7446168],[13.7937678,52.7460154],[13.7928279,52.7492159],[13.763674800000002,52.7438307],[13.731604200000001,52.7337694],[13.7390489,52.72884020000001],[13.7494419,52.7280768],[13.7465344,52.7262938],[13.7600442,52.7165632],[13.7545373,52.7136828],[13.7317908,52.7026152],[13.7082688,52.6963367],[13.6891865,52.69362],[13.6752779,52.6975733],[13.6648817,52.696198100000004]]],[[[13.7433194,52.90588470000001],[13.7735015,52.9221454],[13.7715896,52.9238853],[13.7808277,52.9324524],[13.7856771,52.932519],[13.7869109,52.9352408],[13.7940456,52.934319],[13.7991377,52.9396499],[13.8132569,52.9383477],[13.8261122,52.9438654],[13.829539500000001,52.9354036],[13.8440057,52.9296339],[13.8446945,52.9362197],[13.8589145,52.9403573],[13.870837500000002,52.9372219],[13.8724243,52.9339344],[13.8779088,52.9340954],[13.8846644,52.9416118],[13.9045536,52.94220920000001],[13.9046469,52.9468822],[13.9102656,52.9464413],[13.915731900000003,52.9498507],[13.928819,52.9473425],[13.937719600000001,52.953197100000004],[13.942993900000001,52.9496587],[13.950768,52.9553294],[13.9598596,52.95546780000001],[13.965067400000002,52.9620916],[13.9759231,52.9670887],[13.9836527,52.96690660000001],[13.9911784,52.9598031],[13.9804399,52.954979],[13.9783661,52.9486792],[13.9896936,52.937546],[13.9953877,52.936019200000004],[13.9917256,52.9319007],[13.9974724,52.9340434],[14.0097951,52.9314894],[14.013695,52.92654970000001],[14.0271265,52.9217536],[14.0263454,52.9177287],[14.0149915,52.914228],[14.0140185,52.9107631],[14.006929,52.91179700000001],[14.0055384,52.9035736],[13.987631,52.8918553],[13.9763003,52.8913362],[13.9754023,52.8809418],[13.9616426,52.8788842],[13.9665706,52.8712624],[13.9559297,52.8690852],[13.958558300000002,52.8672513],[13.9555327,52.8643011],[13.9443007,52.8607344],[13.9513914,52.8573041],[13.9440958,52.8545485],[13.9283571,52.863783],[13.9217906,52.86375220000001],[13.9174454,52.8594677],[13.9210503,52.8542878],[13.8984875,52.85532370000001],[13.8982515,52.8498708],[13.8921039,52.8461133],[13.8843744,52.8501797],[13.8692819,52.8525307],[13.8666582,52.8581428],[13.869626,52.85001820000001],[13.8604467,52.8489398],[13.8477451,52.8522015],[13.8510024,52.8669701],[13.8612618,52.875753200000005],[13.8547355,52.8822012],[13.8476292,52.8820892],[13.8479978,52.8772926],[13.8432138,52.8764923],[13.8406458,52.8711632],[13.823386,52.867135],[13.8212425,52.86214840000001],[13.8024034,52.8605966],[13.79077,52.8651029],[13.7819853,52.8832976],[13.787402,52.8836659],[13.7853314,52.8868576],[13.7723473,52.8898056],[13.7569,52.900854],[13.7573452,52.9035079],[13.7433194,52.90588470000001]]]]},"properties":{"plz":"16230","note":"16230 Melchow, Chorin u.a.","qkm":222.188089,"einwohner":7137}},{"type":"Feature","geometry":{"type":"Polygon","coordinates":[[[13.5175627,52.9885354],[13.5286392,52.9903117],[13.5405246,52.9885034],[13.540804600000001,52.9924829],[13.553877700000001,52.9886713],[13.5648941,52.989425],[13.573849400000002,52.9913954],[13.5734192,52.9961651],[13.5784478,52.9960999],[13.5799187,52.9921394],[13.5995289,52.9965041],[13.5959701,52.9994756],[13.6019418,52.9981881],[13.6116991,52.9859986],[13.628925300000002,52.9796458],[13.6553161,52.9384487],[13.6460163,52.9111971],[13.6514666,52.9078053],[13.6494993,52.9053312],[13.6578545,52.906231700000006],[13.6694846,52.901542],[13.6878373,52.9046023],[13.7251501,52.9213874],[13.7290715,52.919831],[13.7229486,52.9131379],[13.733520800000003,52.9103798],[13.731508,52.9072915],[13.7433194,52.90588470000001],[13.7573452,52.9035079],[13.7569,52.900854],[13.7723473,52.8898056],[13.7853314,52.8868576],[13.787402,52.8836659],[13.7819853,52.8832976],[13.79077,52.8651029],[13.7806373,52.871408],[13.767797,52.871079],[13.7760614,52.8684859],[13.7765217,52.8655922],[13.7698811,52.8661761],[13.7626023,52.853181400000004],[13.7477673,52.8534289],[13.7285456,52.8581422],[13.7386822,52.85772980000001],[13.7444023,52.8616084],[13.729070700000001,52.8623131],[13.7273711,52.867496],[13.7052204,52.8635661],[13.7111452,52.8518631],[13.7119756,52.8454537],[13.7075602,52.8401521],[13.7113243,52.8338098],[13.7064717,52.8344605],[13.705417,52.8311205],[13.6958416,52.829909],[13.694628100000001,52.8265478],[13.6955948,52.8186901],[13.7117685,52.8192464],[13.70421,52.812369800000006],[13.6581863,52.8116706],[13.6326688,52.8034871],[13.6322997,52.7995136],[13.6249977,52.7992178],[13.6474858,52.8271272],[13.6508285,52.8311361],[13.6461058,52.8333949],[13.650500600000003,52.8388235],[13.64381,52.8410324],[13.6489462,52.845343],[13.642389200000002,52.845937],[13.6292846,52.8417836],[13.6220307,52.8448319],[13.6325021,52.8428101],[13.6352453,52.8477656],[13.6485824,52.8544127],[13.6363333,52.8564495],[13.6406367,52.8591865],[13.6248932,52.8730669],[13.6176114,52.867985],[13.6185846,52.8634687],[13.6160741,52.8617199],[13.6143789,52.8634299],[13.618576,52.8741373],[13.6255409,52.8755022],[13.6289916,52.8720696],[13.6385827,52.879415900000005],[13.6294267,52.8813039],[13.6271608,52.8766226],[13.623034500000001,52.8762289],[13.6276575,52.8815655],[13.6134847,52.8857141],[13.5912091,52.858587],[13.5893616,52.8609759],[13.5797722,52.8555811],[13.5541023,52.8630235],[13.5460789,52.85935330000001],[13.5445168,52.8634905],[13.5406039,52.8635002],[13.5434707,52.8701116],[13.539957,52.8729513],[13.5186313,52.8754017],[13.5266983,52.8728814],[13.5152968,52.8655897],[13.5076637,52.8734783],[13.504736800000002,52.8762343],[13.4612109,52.8852524],[13.4608622,52.8889993],[13.466025,52.8918808],[13.4708152,52.8925891],[13.4736937,52.8947329],[13.4761911,52.894471200000005],[13.4799322,52.8953499],[13.4816209,52.8967527],[13.477692600000001,52.8948447],[13.475844,52.8994826],[13.4891342,52.9008243],[13.486721,52.9049051],[13.4773099,52.902816],[13.4768544,52.9066835],[13.4729104,52.9065825],[13.472861200000002,52.9185022],[13.4537529,52.9187771],[13.4403991,52.9268084],[13.4349274,52.92481630000001],[13.425765,52.9129394],[13.4122768,52.9097671],[13.4081859,52.9132454],[13.4104711,52.923099],[13.4288368,52.9262217],[13.4363115,52.9339598],[13.431837,52.9377666],[13.4249552,52.9328571],[13.4168783,52.937186600000004],[13.4145887,52.9353438],[13.4217677,52.9314153],[13.4252562,52.9324562],[13.4264372,52.9293613],[13.4035556,52.9293053],[13.4026417,52.9342407],[13.3988304,52.92994900000001],[13.3979431,52.9340994],[13.4058219,52.9420009],[13.4277538,52.947873],[13.453806,52.9652058],[13.4642971,52.9638062],[13.4752556,52.9669718],[13.4835885,52.9637592],[13.5135201,52.9750803],[13.5175627,52.9885354]]]},"properties":{"plz":"16244","note":"16244 Schorfheide","qkm":234.901408,"einwohner":9825}},{"type":"Feature","geometry":{"type":"Polygon","coordinates":[[[13.6019418,52.9981881],[13.6225712,53.0033328],[13.6455288,53.0007276],[13.6753893,53.0010892],[13.6913409,53.0116696],[13.6893732,53.0145498],[13.6657129,53.0136513],[13.664516700000002,53.0158549],[13.6817793,53.0293917],[13.676286,53.0371306],[13.681684800000001,53.0388292],[13.682071,53.0425022],[13.7111237,53.0346469],[13.7171711,53.03979710000001],[13.7326962,53.0403508],[13.7346057,53.0444316],[13.7497557,53.0398445],[13.7918139,53.0490215],[13.8124941,53.0456553],[13.8193959,53.0502229],[13.8156172,53.0572552],[13.854639,53.058579400000006],[13.8855058,53.0530028],[13.88311,53.0471446],[13.872699900000002,53.040378],[13.8611036,53.039518400000006],[13.853313400000001,53.0322921],[13.8540339,53.0173462],[13.8382201,53.0158698],[13.8284397,53.020509],[13.8208706,52.9874421],[13.8513865,52.9854382],[13.8542923,52.980057300000006],[13.8560186,52.9797976],[13.8571108,52.9759952],[13.8602039,52.9724574],[13.8584743,52.9746095],[13.8625748,52.973453],[13.8812888,52.9774349],[13.9003413,52.9732106],[13.9031978,52.9767535],[13.9128491,52.977096],[13.9029901,52.9828268],[13.9122521,52.9833954],[13.912535,52.9810488],[13.914465600000002,52.9825098],[13.918277900000001,52.980468800000004],[13.9268187,52.9823696],[13.9271935,52.97892950000001],[13.934163,52.9794463],[13.9354086,52.9754642],[13.9380576,52.9770166],[13.9378432,52.9702583],[13.952623,52.9610428],[13.9417279,52.9584034],[13.941607400000002,52.9552565],[13.9493776,52.955188500000006],[13.9529299,52.957834],[13.950768,52.9553294],[13.942993900000001,52.9496587],[13.937719600000001,52.953197100000004],[13.928819,52.9473425],[13.915731900000003,52.9498507],[13.9102656,52.9464413],[13.9046469,52.9468822],[13.9045536,52.94220920000001],[13.8846644,52.9416118],[13.8779088,52.9340954],[13.8724243,52.9339344],[13.870837500000002,52.9372219],[13.8589145,52.9403573],[13.8446945,52.9362197],[13.8440057,52.9296339],[13.829539500000001,52.9354036],[13.8261122,52.9438654],[13.8132569,52.9383477],[13.7991377,52.9396499],[13.7940456,52.934319],[13.7869109,52.9352408],[13.7856771,52.932519],[13.7808277,52.9324524],[13.7715896,52.9238853],[13.7735015,52.9221454],[13.7433194,52.90588470000001],[13.731508,52.9072915],[13.733520800000003,52.9103798],[13.7229486,52.9131379],[13.7290715,52.919831],[13.7251501,52.9213874],[13.6878373,52.9046023],[13.6694846,52.901542],[13.6578545,52.906231700000006],[13.6494993,52.9053312],[13.6514666,52.9078053],[13.6460163,52.9111971],[13.6553161,52.9384487],[13.628925300000002,52.9796458],[13.6116991,52.9859986],[13.6019418,52.9981881]]]},"properties":{"plz":"16247","note":"16247 Joachimsthal u.a.","qkm":210.282535,"einwohner":5326}},{"type":"Feature","geometry":{"type":"Polygon","coordinates":[[[13.8843744,52.8501797],[13.8921039,52.8461133],[13.8982515,52.8498708],[13.8984875,52.85532370000001],[13.9210503,52.8542878],[13.9174454,52.8594677],[13.9217906,52.86375220000001],[13.9283571,52.863783],[13.9440958,52.8545485],[13.9513914,52.8573041],[13.9443007,52.8607344],[13.9555327,52.8643011],[13.958558300000002,52.8672513],[13.9559297,52.8690852],[13.9665706,52.8712624],[13.9616426,52.8788842],[13.9754023,52.8809418],[13.9763003,52.8913362],[13.987631,52.8918553],[14.0055384,52.9035736],[14.006929,52.91179700000001],[14.0140185,52.9107631],[14.0149915,52.914228],[14.0263454,52.9177287],[14.0271265,52.9217536],[14.013695,52.92654970000001],[14.0097951,52.9314894],[14.0143109,52.9316136],[14.0194704,52.9389207],[14.0273389,52.9565231],[14.0495019,52.9554315],[14.049779,52.9502781],[14.0705804,52.9491136],[14.0738259,52.9497187],[14.0728268,52.9588189],[14.0878726,52.9631549],[14.0920197,52.9606962],[14.1076539,52.9608349],[14.1104482,52.9652974],[14.1201401,52.9631126],[14.124110900000002,52.9664651],[14.1439364,52.961109],[14.140041,52.950481],[14.1431128,52.9349857],[14.157439,52.8951117],[14.1315814,52.8899897],[14.126959500000002,52.9029161],[14.0953452,52.9027134],[14.0928765,52.8973283],[14.0808549,52.89069520000001],[14.0810373,52.8991469],[14.075749,52.9004426],[14.063073,52.8853005],[14.0574167,52.8843767],[14.0618306,52.8781281],[14.0584424,52.8732586],[14.0614508,52.8688465],[14.0808904,52.8733461],[14.0814107,52.8713962],[14.0883651,52.8718612],[14.0867676,52.868239],[14.106195400000002,52.8693614],[14.0970327,52.8684187],[14.0944535,52.86524390000001],[14.0953419,52.855998400000004],[14.0804663,52.8575596],[14.068352400000002,52.8528466],[14.0631525,52.8551366],[14.0642991,52.8577455],[14.020909,52.8466515],[14.0229512,52.8540522],[14.0198001,52.8563731],[14.0146256,52.85475],[14.0160483,52.8525953],[13.9991933,52.8547633],[14.0048157,52.85948230000001],[13.9817322,52.847331],[13.975173600000002,52.8251806],[13.9658974,52.8241346],[13.9553574,52.8279399],[13.9548612,52.8257527],[13.9394432,52.8245611],[13.9412168,52.82083910000001],[13.938000900000002,52.8241718],[13.9414813,52.81912],[13.9358981,52.8120462],[13.9407347,52.8079424],[13.9242305,52.7956397],[13.9024659,52.7920735],[13.9031611,52.7893901],[13.8633335,52.78771540000001],[13.8646296,52.7964124],[13.8596235,52.7978681],[13.8525757,52.8071136],[13.839222600000001,52.8194046],[13.8441974,52.8257287],[13.862509000000001,52.8245813],[13.867742,52.8197081],[13.8710599,52.8219306],[13.8829504,52.8187474],[13.8773223,52.8148379],[13.8796805,52.812567300000005],[13.8874483,52.8146219],[13.89314,52.8124739],[13.891524700000002,52.8146219],[13.8986176,52.81784650000001],[13.9065301,52.8160167],[13.9102101,52.823071000000006],[13.9002236,52.8318497],[13.9030265,52.8368252],[13.9072311,52.8373719],[13.8882776,52.84022720000001],[13.8810109,52.8382584],[13.881513,52.844987],[13.8747866,52.8457442],[13.8740783,52.8482855],[13.8824193,52.8452898],[13.8808703,52.8494726],[13.8843744,52.8501797]]]},"properties":{"plz":"16248","note":"16248 Oderberg u.a.","qkm":133.652398,"einwohner":5814}},{"type":"Feature","geometry":{"type":"Polygon","coordinates":[[[13.8633335,52.78771540000001],[13.9031611,52.7893901],[13.9024659,52.7920735],[13.9242305,52.7956397],[13.9407347,52.8079424],[13.9358981,52.8120462],[13.9414813,52.81912],[13.938000900000002,52.8241718],[13.9412168,52.82083910000001],[13.9394432,52.8245611],[13.9548612,52.8257527],[13.9553574,52.8279399],[13.9658974,52.8241346],[13.975173600000002,52.8251806],[13.9817322,52.847331],[14.0048157,52.85948230000001],[13.9991933,52.8547633],[14.0160483,52.8525953],[14.0146256,52.85475],[14.0198001,52.8563731],[14.0229512,52.8540522],[14.020909,52.8466515],[14.0642991,52.8577455],[14.0631525,52.8551366],[14.068352400000002,52.8528466],[14.0804663,52.8575596],[14.0953419,52.855998400000004],[14.0944535,52.86524390000001],[14.0970327,52.8684187],[14.106195400000002,52.8693614],[14.0867676,52.868239],[14.0883651,52.8718612],[14.0814107,52.8713962],[14.0808904,52.8733461],[14.0614508,52.8688465],[14.0584424,52.8732586],[14.0618306,52.8781281],[14.0574167,52.8843767],[14.063073,52.8853005],[14.075749,52.9004426],[14.0810373,52.8991469],[14.0808549,52.89069520000001],[14.0928765,52.8973283],[14.0953452,52.9027134],[14.126959500000002,52.9029161],[14.1315814,52.8899897],[14.157439,52.8951117],[14.1608139,52.8867713],[14.1575695,52.8754175],[14.123555,52.84438320000001],[14.127858200000002,52.8298662],[14.1417447,52.8240545],[14.2163893,52.8167731],[14.2488505,52.7922457],[14.2802902,52.7742682],[14.325677500000001,52.7608542],[14.3311817,52.7443999],[14.3236811,52.7358501],[14.3065788,52.7255436],[14.3004591,52.7176036],[14.2929961,52.7176676],[14.2793823,52.7122787],[14.2768628,52.7062779],[14.2270958,52.7156099],[14.2333933,52.7193113],[14.2402542,52.7186723],[14.2476137,52.721737000000005],[14.2229041,52.7428053],[14.2326866,52.7410756],[14.2390252,52.7438672],[14.2569853,52.7447687],[14.2456256,52.74555],[14.2491093,52.7509176],[14.2449121,52.7518781],[14.2353773,52.7476662],[14.2025968,52.7519253],[14.1969857,52.7555617],[14.188522700000002,52.7544404],[14.1764936,52.7268585],[14.1730267,52.7228584],[14.1681086,52.7225394],[14.155304100000002,52.7359281],[14.1298017,52.7438463],[14.1315388,52.7611986],[14.1189042,52.7755352],[14.118322,52.782507],[14.1059549,52.7618189],[14.0844873,52.748682800000005],[14.0595717,52.7424635],[14.06411,52.736555],[14.0616445,52.7329001],[14.048609,52.7343917],[14.0308731,52.7272256],[14.0236773,52.7299986],[14.0058309,52.728824],[14.002446,52.743376],[14.0128315,52.7526994],[14.0013924,52.7523143],[13.992097,52.7437469],[13.9836931,52.74527],[13.9766936,52.7387156],[13.9923705,52.7321952],[14.0002727,52.716905100000005],[13.9882671,52.7153583],[13.981119600000001,52.7152699],[13.9705124,52.694974],[13.959434800000002,52.6958668],[13.9498561,52.6931755],[13.9514354,52.6884862],[13.929629100000001,52.6868441],[13.9199077,52.6835747],[13.9128524,52.6847063],[13.896193700000001,52.665823],[13.8854209,52.6676715],[13.872018400000002,52.666242],[13.8507721,52.6715653],[13.8502775,52.6794405],[13.858771500000001,52.6844377],[13.8483868,52.6890631],[13.8507096,52.6934948],[13.8365443,52.692312],[13.8363397,52.6882963],[13.830102700000001,52.6907188],[13.8321455,52.68737740000001],[13.8139502,52.6775574],[13.8027219,52.6780803],[13.7993905,52.6732888],[13.7800157,52.6669413],[13.7545373,52.7136828],[13.7600442,52.7165632],[13.7465344,52.7262938],[13.7494419,52.7280768],[13.7390489,52.72884020000001],[13.731604200000001,52.7337694],[13.763674800000002,52.7438307],[13.7928279,52.7492159],[13.7937678,52.7460154],[13.8010984,52.7446168],[13.830499,52.7537038],[13.8617255,52.758644],[13.8628636,52.77198],[13.871075500000002,52.77177360000001],[13.8764002,52.779358800000004],[13.8635052,52.7823491],[13.8633335,52.78771540000001]]]},"properties":{"plz":"16259","note":"16259 Bad Freienwalde u.a.","qkm":413.390637,"einwohner":20092}},{"type":"Feature","geometry":{"type":"Polygon","coordinates":[[[14.2270958,52.7156099],[14.2196993,52.7114504],[14.2221471,52.7095908],[14.2059154,52.7099704],[14.2061767,52.7119441],[14.1983806,52.7104972],[14.203340000000003,52.7030941],[14.2158401,52.7005882],[14.2374746,52.6898601],[14.2363846,52.6861584],[14.2261021,52.6903322],[14.2099444,52.6911932],[14.2090775,52.680904500000004],[14.203859,52.6767844],[14.198162,52.67543],[14.1788094,52.6801187],[14.1773266,52.6763889],[14.1929969,52.6638652],[14.1733966,52.6539462],[14.176976800000002,52.6468587],[14.1590374,52.638751],[14.1507234,52.6530945],[14.1303515,52.6500393],[14.1296606,52.6500699],[14.1126122,52.6751983],[14.1055076,52.6759646],[14.073643,52.6636174],[14.0408784,52.6706413],[14.0340707,52.6709684],[14.0298929,52.6672794],[14.024054300000001,52.6691506],[14.021312,52.6711232],[14.0348904,52.6810266],[14.0398608,52.6894028],[14.0049762,52.7071035],[14.003427,52.7044382],[13.9937217,52.70329790000001],[13.9858252,52.7049699],[13.9882671,52.7153583],[14.0002727,52.716905100000005],[13.9923705,52.7321952],[13.9766936,52.7387156],[13.9836931,52.74527],[13.992097,52.7437469],[14.0013924,52.7523143],[14.0128315,52.7526994],[14.002446,52.743376],[14.0058309,52.728824],[14.0236773,52.7299986],[14.0308731,52.7272256],[14.048609,52.7343917],[14.0616445,52.7329001],[14.06411,52.736555],[14.0595717,52.7424635],[14.0844873,52.748682800000005],[14.1059549,52.7618189],[14.118322,52.782507],[14.1189042,52.7755352],[14.1315388,52.7611986],[14.1298017,52.7438463],[14.155304100000002,52.7359281],[14.1681086,52.7225394],[14.1730267,52.7228584],[14.1764936,52.7268585],[14.188522700000002,52.7544404],[14.1969857,52.7555617],[14.2025968,52.7519253],[14.2353773,52.7476662],[14.2449121,52.7518781],[14.2491093,52.7509176],[14.2456256,52.74555],[14.2569853,52.7447687],[14.2390252,52.7438672],[14.2326866,52.7410756],[14.2229041,52.7428053],[14.2476137,52.721737000000005],[14.2402542,52.7186723],[14.2333933,52.7193113],[14.2270958,52.7156099]]]},"properties":{"plz":"16269","note":"16269 Wriezen","qkm":130.045625,"einwohner":8577}},{"type":"Feature","geometry":{"type":"Polygon","coordinates":[[[13.9130406,53.1395586],[13.9283259,53.144379],[13.937717,53.1440027],[13.9490321,53.1501834],[13.9665346,53.1459591],[13.964049800000002,53.1444057],[13.9786882,53.1427763],[13.9832769,53.14403570000001],[13.9890888,53.1541119],[14.0026678,53.1594141],[14.017284300000002,53.1505997],[14.0507144,53.1205044],[14.0610648,53.1228538],[14.0889091,53.1366999],[14.1175316,53.1166678],[14.1221148,53.1079419],[14.1372458,53.1065945],[14.1774876,53.099015],[14.1675152,53.0809326],[14.1776776,53.069926],[14.1713369,53.0573521],[14.1653052,53.0594696],[14.1706501,53.0538676],[14.1760521,53.0513516],[14.1812609,53.0528563],[14.192444700000001,53.0441873],[14.1861092,53.0424367],[14.193484000000002,53.02746960000001],[14.1783769,53.0200812],[14.1872477,53.0156262],[14.1826782,53.0124427],[14.1743709,53.0127752],[14.179333,53.0061636],[14.1975463,52.9971632],[14.2060467,52.9862379],[14.170427,52.9737163],[14.1596229,52.9647223],[14.1439364,52.961109],[14.124110900000002,52.9664651],[14.1201401,52.9631126],[14.1104482,52.9652974],[14.1076539,52.9608349],[14.0920197,52.9606962],[14.0878726,52.9631549],[14.0728268,52.9588189],[14.0738259,52.9497187],[14.0705804,52.9491136],[14.049779,52.9502781],[14.0495019,52.9554315],[14.0273389,52.9565231],[14.0194704,52.9389207],[14.0143109,52.9316136],[14.0097951,52.9314894],[13.9974724,52.9340434],[13.9917256,52.9319007],[13.9953877,52.936019200000004],[13.9896936,52.937546],[13.9783661,52.9486792],[13.9804399,52.954979],[13.9911784,52.9598031],[13.9836527,52.96690660000001],[13.9759231,52.9670887],[13.965067400000002,52.9620916],[13.9598596,52.95546780000001],[13.950768,52.9553294],[13.9529299,52.957834],[13.9493776,52.955188500000006],[13.941607400000002,52.9552565],[13.9417279,52.9584034],[13.952623,52.9610428],[13.9378432,52.9702583],[13.9380576,52.9770166],[13.9354086,52.9754642],[13.934163,52.9794463],[13.9271935,52.97892950000001],[13.9268187,52.9823696],[13.918277900000001,52.980468800000004],[13.914465600000002,52.9825098],[13.912535,52.9810488],[13.9122521,52.9833954],[13.9029901,52.9828268],[13.9128491,52.977096],[13.9031978,52.9767535],[13.9003413,52.9732106],[13.8812888,52.9774349],[13.8625748,52.973453],[13.8584743,52.9746095],[13.8602039,52.9724574],[13.8571108,52.9759952],[13.8560186,52.9797976],[13.8542923,52.980057300000006],[13.8513865,52.9854382],[13.8208706,52.9874421],[13.8284397,53.020509],[13.8382201,53.0158698],[13.8540339,53.0173462],[13.853313400000001,53.0322921],[13.8611036,53.039518400000006],[13.872699900000002,53.040378],[13.88311,53.0471446],[13.8855058,53.0530028],[13.854639,53.058579400000006],[13.8156172,53.0572552],[13.8208829,53.0699518],[13.8114974,53.0733405],[13.8015206,53.0687463],[13.8040022,53.0720771],[13.7913722,53.0789403],[13.7869384,53.08563530000001],[13.7901077,53.091747],[13.8241707,53.095391],[13.8515888,53.101493100000006],[13.8734378,53.1111567],[13.8777122,53.1202282],[13.8848796,53.12254970000001],[13.88571,53.1285241],[13.8939389,53.1303179],[13.8965814,53.1357428],[13.903051,53.1350713],[13.9130406,53.1395586]]]},"properties":{"plz":"16278","note":"16278 Angerm\u00fcnde","qkm":429.901607,"einwohner":16795}},{"type":"Feature","geometry":{"type":"Polygon","coordinates":[[[14.331425900000001,53.1608846],[14.337734299999997,53.1556095],[14.358835499999998,53.1523479],[14.363228600000001,53.148517],[14.370375300000001,53.1363843],[14.3643305,53.1316583],[14.3660135,53.1259362],[14.381656299999998,53.128639400000004],[14.3777081,53.1112494],[14.369622799999998,53.1021499],[14.365221700000001,53.08028500000001],[14.342242799999998,53.05052],[14.257073000000002,53.00197910000001],[14.2328945,52.99246380000001],[14.2060467,52.9862379],[14.1975463,52.9971632],[14.179333,53.0061636],[14.1743709,53.0127752],[14.1826782,53.0124427],[14.1872477,53.0156262],[14.1783769,53.0200812],[14.193484000000002,53.02746960000001],[14.1861092,53.0424367],[14.192444700000001,53.0441873],[14.1963234,53.0387861],[14.218515100000001,53.0438893],[14.2437087,53.03626680000001],[14.2525954,53.0375219],[14.2610036,53.0496104],[14.243371300000002,53.0521158],[14.2460535,53.0535597],[14.2233534,53.059623],[14.2238588,53.0629384],[14.2149168,53.0659846],[14.2114828,53.06187380000001],[14.1979408,53.0623043],[14.1776776,53.069926],[14.1675152,53.0809326],[14.1774876,53.099015],[14.1372458,53.1065945],[14.1376944,53.1148208],[14.1305375,53.1240067],[14.141107,53.1312983],[14.139068,53.145599100000005],[14.1436837,53.1579398],[14.1593319,53.1551398],[14.159636400000002,53.1517449],[14.166063,53.1545668],[14.1770589,53.1535477],[14.1887233,53.1480529],[14.1919199,53.1525855],[14.1857226,53.1538591],[14.2033886,53.1725412],[14.2141964,53.16708450000001],[14.2792609,53.1585542],[14.2788351,53.1473864],[14.2942594,53.146551300000006],[14.2986584,53.1549687],[14.2912605,53.1752444],[14.299281500000001,53.1754243],[14.3075624,53.1739346],[14.307523,53.1650372],[14.3166794,53.1595],[14.3226432,53.1665469],[14.331425900000001,53.1608846]]]},"properties":{"plz":"16303","note":"16303 Schwedt","qkm":206.143337,"einwohner":31833}},{"type":"Feature","geometry":{"type":"MultiPolygon","coordinates":[[[[14.1776776,53.069926],[14.1979408,53.0623043],[14.2114828,53.06187380000001],[14.2149168,53.0659846],[14.2238588,53.0629384],[14.2233534,53.059623],[14.2460535,53.0535597],[14.243371300000002,53.0521158],[14.2610036,53.0496104],[14.2525954,53.0375219],[14.2437087,53.03626680000001],[14.218515100000001,53.0438893],[14.1963234,53.0387861],[14.192444700000001,53.0441873],[14.1812609,53.0528563],[14.1760521,53.0513516],[14.1706501,53.0538676],[14.1653052,53.0594696],[14.1713369,53.0573521],[14.1776776,53.069926]]],[[[14.0990281,53.2614698],[14.1246834,53.2602919],[14.1601792,53.267767],[14.187071,53.2604841],[14.2001879,53.2618413],[14.2111712,53.25470640000001],[14.2658743,53.2594392],[14.2860175,53.23742260000001],[14.2876062,53.2349698],[14.2814562,53.2358928],[14.282937000000002,53.2338318],[14.287215200000002,53.2335413],[14.3072086,53.2189002],[14.316236,53.217558],[14.3091712,53.2075268],[14.313599,53.2055845],[14.3106142,53.1988083],[14.3368394,53.1884025],[14.3341108,53.1821019],[14.345363800000001,53.1811621],[14.331425900000001,53.1608846],[14.3226432,53.1665469],[14.3166794,53.1595],[14.307523,53.1650372],[14.3075624,53.1739346],[14.299281500000001,53.1754243],[14.2912605,53.1752444],[14.2986584,53.1549687],[14.2942594,53.146551300000006],[14.2788351,53.1473864],[14.2792609,53.1585542],[14.2141964,53.16708450000001],[14.2033886,53.1725412],[14.1857226,53.1538591],[14.1919199,53.1525855],[14.1887233,53.1480529],[14.1770589,53.1535477],[14.166063,53.1545668],[14.159636400000002,53.1517449],[14.1593319,53.1551398],[14.1436837,53.1579398],[14.139068,53.145599100000005],[14.141107,53.1312983],[14.1305375,53.1240067],[14.1376944,53.1148208],[14.1372458,53.1065945],[14.1221148,53.1079419],[14.1175316,53.1166678],[14.0889091,53.1366999],[14.0610648,53.1228538],[14.0507144,53.1205044],[14.017284300000002,53.1505997],[14.0026678,53.1594141],[14.0025605,53.1721648],[14.0144545,53.1865338],[14.0199412,53.1868719],[14.017294400000003,53.1907059],[14.0204019,53.1967581],[14.0319242,53.2014345],[14.0408903,53.2116111],[14.0727571,53.2064843],[14.0964275,53.2068725],[14.09208,53.2183079],[14.0990281,53.2614698]]]]},"properties":{"plz":"16306","note":"16306 Biesendahlshof, Berkholz-Meyenburg","qkm":231.342017,"einwohner":6316}},{"type":"Feature","geometry":{"type":"Polygon","coordinates":[[[14.3163464,53.3122793],[14.3486176,53.30990140000001],[14.3500011,53.3135766],[14.3623393,53.3150915],[14.361750800000001,53.317564],[14.375513299999998,53.3155101],[14.3810592,53.3236622],[14.393405699999999,53.3282496],[14.412220799999998,53.3295304],[14.415453400000002,53.324377000000005],[14.4068027,53.3087286],[14.4149147,53.3019391],[14.4212047,53.2761369],[14.4452493,53.2744333],[14.4499946,53.26163960000001],[14.435082,53.2483355],[14.430527800000002,53.2391186],[14.409431500000002,53.22390660000001],[14.404364,53.2094883],[14.3767937,53.2002135],[14.3667773,53.1684511],[14.371910000000002,53.1558997],[14.3857908,53.1430486],[14.381656299999998,53.128639400000004],[14.3660135,53.1259362],[14.3643305,53.1316583],[14.370375300000001,53.1363843],[14.363228600000001,53.148517],[14.358835499999998,53.1523479],[14.337734299999997,53.1556095],[14.331425900000001,53.1608846],[14.345363800000001,53.1811621],[14.3341108,53.1821019],[14.3368394,53.1884025],[14.3106142,53.1988083],[14.313599,53.2055845],[14.3091712,53.2075268],[14.316236,53.217558],[14.3072086,53.2189002],[14.287215200000002,53.2335413],[14.282937000000002,53.2338318],[14.2814562,53.2358928],[14.2876062,53.2349698],[14.2860175,53.23742260000001],[14.2658743,53.2594392],[14.2619808,53.2765023],[14.3020606,53.2862077],[14.3163464,53.3122793]]]},"properties":{"plz":"16307","note":"16307 Gartz (Oder)","qkm":128.60068,"einwohner":3972}},{"type":"Feature","geometry":{"type":"Polygon","coordinates":[[[13.5832378,52.7443065],[13.5905091,52.737506200000006],[13.5955302,52.7404163],[13.5909812,52.7408839],[13.588547700000001,52.7455362],[13.5921899,52.7473495],[13.5948865,52.7445472],[13.5992248,52.7456115],[13.6045495,52.750681],[13.6018942,52.7567337],[13.608172700000003,52.7566713],[13.6112014,52.74465420000001],[13.6164725,52.744718500000005],[13.6194326,52.7409338],[13.6258142,52.7430012],[13.6292894,52.7393894],[13.644867,52.7359508],[13.6453091,52.729035700000004],[13.6666798,52.69885800000001],[13.6648817,52.696198100000004],[13.6684599,52.6792329],[13.6667526,52.6479563],[13.6374307,52.6459365],[13.647871,52.6282441],[13.6380981,52.627681],[13.6309612,52.6366762],[13.6266847,52.6373729],[13.6312144,52.64554590000001],[13.627807,52.645322],[13.6292039,52.648315],[13.619192,52.6542743],[13.6130573,52.6450387],[13.5950479,52.647761700000004],[13.5861269,52.6457997],[13.5841635,52.64171280000001],[13.6133642,52.6413808],[13.6114995,52.6282059],[13.6029465,52.62763340000001],[13.6039795,52.6213707],[13.5807267,52.6101703],[13.5757015,52.6085389],[13.5638413,52.6250849],[13.5658088,52.650165400000006],[13.5574999,52.6607714],[13.548805,52.664903],[13.5101009,52.6674209],[13.502798700000001,52.6746215],[13.512356,52.67624],[13.499653,52.679171100000005],[13.4939346,52.6831284],[13.5077941,52.6829632],[13.5013757,52.7023875],[13.4894027,52.703744],[13.4837386,52.7080067],[13.4671216,52.7318364],[13.491574,52.7448229],[13.4938682,52.7417657],[13.502882,52.7405399],[13.5182092,52.7463712],[13.524499,52.740056],[13.5256647,52.7168931],[13.525743,52.7204707],[13.53665,52.7282285],[13.5468921,52.7296726],[13.5594341,52.738222],[13.584492,52.7347144],[13.5832378,52.7443065]]]},"properties":{"plz":"16321","note":"16321 Bernau","qkm":118.402269,"einwohner":37746}},{"type":"Feature","geometry":{"type":"Polygon","coordinates":[[[13.480074700000001,52.6748807],[13.499653,52.679171100000005],[13.512356,52.67624],[13.502798700000001,52.6746215],[13.5101009,52.6674209],[13.548805,52.664903],[13.5574999,52.6607714],[13.5658088,52.650165400000006],[13.5638413,52.6250849],[13.5757015,52.6085389],[13.5807267,52.6101703],[13.573091500000002,52.6005975],[13.5328798,52.6202241],[13.5206904,52.6151535],[13.5003846,52.6138832],[13.5057475,52.6256704],[13.5177927,52.629562500000006],[13.5228704,52.6448124],[13.5190219,52.6469751],[13.5128244,52.6454115],[13.4898831,52.6555169],[13.4853506,52.659472],[13.488128,52.6703752],[13.475963,52.6667245],[13.4749591,52.6684443],[13.480074700000001,52.6748807]]]},"properties":{"plz":"16341","note":"16341 Panketal","qkm":26.072673,"einwohner":18913}},{"type":"Feature","geometry":{"type":"Polygon","coordinates":[[[13.4087265,52.6973984],[13.4040969,52.709628],[13.4219892,52.7099142],[13.4186894,52.72054190000001],[13.4072911,52.7227316],[13.4063612,52.7257372],[13.4129511,52.7260203],[13.4236193,52.73438540000001],[13.4074297,52.7379489],[13.4091143,52.7448221],[13.3983939,52.7433002],[13.3967281,52.7453017],[13.4081743,52.7513644],[13.4144093,52.7512499],[13.4042995,52.7756134],[13.4073744,52.7809137],[13.4304171,52.7890319],[13.4218454,52.80423],[13.4529198,52.8057211],[13.4664549,52.8094054],[13.4683489,52.8127829],[13.4795026,52.8088231],[13.4940573,52.8102239],[13.501993,52.8295142],[13.4982594,52.830292],[13.4945416,52.8400762],[13.4966316,52.8420618],[13.5051203,52.8374164],[13.5084333,52.8382408],[13.5230803,52.8479093],[13.508257400000002,52.8512837],[13.4973268,52.8497391],[13.485490800000001,52.8522581],[13.4701085,52.8705804],[13.4740674,52.8765924],[13.495595900000001,52.8724008],[13.5076637,52.8734783],[13.5152968,52.8655897],[13.5266983,52.8728814],[13.5186313,52.8754017],[13.539957,52.8729513],[13.5434707,52.8701116],[13.5406039,52.8635002],[13.5445168,52.8634905],[13.5460789,52.85935330000001],[13.5541023,52.8630235],[13.5797722,52.8555811],[13.5893616,52.8609759],[13.5912091,52.858587],[13.6134847,52.8857141],[13.6276575,52.8815655],[13.623034500000001,52.8762289],[13.6271608,52.8766226],[13.6294267,52.8813039],[13.6385827,52.879415900000005],[13.6289916,52.8720696],[13.6255409,52.8755022],[13.618576,52.8741373],[13.6143789,52.8634299],[13.6160741,52.8617199],[13.6185846,52.8634687],[13.6176114,52.867985],[13.6248932,52.8730669],[13.6406367,52.8591865],[13.6363333,52.8564495],[13.6485824,52.8544127],[13.6352453,52.8477656],[13.6325021,52.8428101],[13.6220307,52.8448319],[13.6292846,52.8417836],[13.642389200000002,52.845937],[13.6489462,52.845343],[13.64381,52.8410324],[13.650500600000003,52.8388235],[13.6461058,52.8333949],[13.6508285,52.8311361],[13.6474858,52.8271272],[13.627555,52.82902570000001],[13.6220608,52.82608],[13.610382400000002,52.8301641],[13.6088058,52.82686030000001],[13.5884741,52.817765900000005],[13.5937157,52.8155532],[13.5799848,52.7961949],[13.59253,52.78022180000001],[13.5874489,52.7726049],[13.5915226,52.7633293],[13.5962197,52.7614199],[13.5832378,52.7443065],[13.584492,52.7347144],[13.5594341,52.738222],[13.5468921,52.7296726],[13.53665,52.7282285],[13.525743,52.7204707],[13.5256647,52.7168931],[13.524499,52.740056],[13.5182092,52.7463712],[13.502882,52.7405399],[13.4938682,52.7417657],[13.491574,52.7448229],[13.4671216,52.7318364],[13.4837386,52.7080067],[13.4894027,52.703744],[13.5013757,52.7023875],[13.5077941,52.6829632],[13.4939346,52.6831284],[13.499653,52.679171100000005],[13.480074700000001,52.6748807],[13.4754659,52.6750011],[13.465958,52.66714520000001],[13.4595854,52.6690661],[13.450794,52.6627057],[13.4742109,52.6557549],[13.4595469,52.6482194],[13.451963,52.6487717],[13.440833800000002,52.6492222],[13.4398473,52.6452342],[13.433912,52.6443436],[13.4343842,52.6378965],[13.4244482,52.6355448],[13.4147709,52.6424167],[13.4087588,52.6428246],[13.4013006,52.646255],[13.4005839,52.6497337],[13.4056381,52.6512976],[13.4000884,52.657228],[13.4095243,52.66101750000001],[13.414135400000001,52.6680368],[13.4189307,52.666457],[13.422670000000002,52.6694707],[13.4056705,52.6739641],[13.3979397,52.6724802],[13.3975256,52.6793504],[13.3947271,52.6764137],[13.3911856,52.68120110000001],[13.3966575,52.68963120000001],[13.4087265,52.6973984]]]},"properties":{"plz":"16348","note":"16348 Wandlitz","qkm":205.150652,"einwohner":22437}},{"type":"Feature","geometry":{"type":"Polygon","coordinates":[[[13.496662,52.6050285],[13.5003846,52.6138832],[13.5206904,52.6151535],[13.5328798,52.6202241],[13.573091500000002,52.6005975],[13.5807267,52.6101703],[13.6039795,52.6213707],[13.6029465,52.62763340000001],[13.6114995,52.6282059],[13.6133642,52.6413808],[13.5841635,52.64171280000001],[13.5861269,52.6457997],[13.5950479,52.647761700000004],[13.6130573,52.6450387],[13.619192,52.6542743],[13.6292039,52.648315],[13.627807,52.645322],[13.6312144,52.64554590000001],[13.6266847,52.6373729],[13.6309612,52.6366762],[13.6380981,52.627681],[13.647871,52.6282441],[13.6374307,52.6459365],[13.6667526,52.6479563],[13.6684599,52.6792329],[13.6648817,52.696198100000004],[13.6752779,52.6975733],[13.6891865,52.69362],[13.7082688,52.6963367],[13.7317908,52.7026152],[13.7545373,52.7136828],[13.7800157,52.6669413],[13.7993905,52.6732888],[13.8027219,52.6780803],[13.8139502,52.6775574],[13.8321455,52.68737740000001],[13.830102700000001,52.6907188],[13.8363397,52.6882963],[13.8365443,52.692312],[13.8507096,52.6934948],[13.8483868,52.6890631],[13.858771500000001,52.6844377],[13.8502775,52.6794405],[13.8507721,52.6715653],[13.8484858,52.6592319],[13.8376003,52.6528989],[13.844464400000001,52.6455373],[13.8326954,52.6368702],[13.8335335,52.629607],[13.8279894,52.6247815],[13.8193807,52.6279701],[13.7814206,52.62330120000001],[13.7295087,52.612433],[13.7279689,52.6015646],[13.7155961,52.6024499],[13.715438,52.6058376],[13.7125407,52.5986623],[13.7172311,52.593489],[13.7157774,52.5879546],[13.698819000000002,52.5902852],[13.696489400000003,52.5829493],[13.6841455,52.5784743],[13.671881700000002,52.5823245],[13.6720729,52.5777953],[13.6859643,52.5768615],[13.6851109,52.5693105],[13.6686552,52.5660886],[13.6653066,52.5671794],[13.6645378,52.562368],[13.6582904,52.5615599],[13.658645,52.5690614],[13.6438569,52.56948],[13.6155224,52.5615946],[13.6106017,52.54557520000001],[13.598988700000001,52.54750790000001],[13.5864116,52.5497816],[13.5864014,52.5498377],[13.5815043,52.5710172],[13.5676755,52.5745361],[13.5469826,52.587647600000004],[13.527236,52.5922273],[13.5081262,52.5921593],[13.496662,52.6050285]]]},"properties":{"plz":"16356","note":"16356 Werneuchen","qkm":175.071792,"einwohner":20602}},{"type":"Feature","geometry":{"type":"Polygon","coordinates":[[[13.6474858,52.8271272],[13.6249977,52.7992178],[13.6322997,52.7995136],[13.6326688,52.8034871],[13.6581863,52.8116706],[13.659463,52.8080758],[13.6719707,52.8049536],[13.6750413,52.7990141],[13.6821041,52.7985159],[13.6807758,52.7922413],[13.6712679,52.7891803],[13.6649963,52.7872512],[13.6722528,52.7789802],[13.680307,52.7792969],[13.6868576,52.7572934],[13.682433,52.7518973],[13.688106400000002,52.71217870000001],[13.6666798,52.69885800000001],[13.6453091,52.729035700000004],[13.644867,52.7359508],[13.6292894,52.7393894],[13.6258142,52.7430012],[13.6194326,52.7409338],[13.6164725,52.744718500000005],[13.6112014,52.74465420000001],[13.608172700000003,52.7566713],[13.6018942,52.7567337],[13.6045495,52.750681],[13.5992248,52.7456115],[13.5948865,52.7445472],[13.5921899,52.7473495],[13.588547700000001,52.7455362],[13.5909812,52.7408839],[13.5955302,52.7404163],[13.5905091,52.737506200000006],[13.5832378,52.7443065],[13.5962197,52.7614199],[13.5915226,52.7633293],[13.5874489,52.7726049],[13.59253,52.78022180000001],[13.5799848,52.7961949],[13.5937157,52.8155532],[13.5884741,52.817765900000005],[13.6088058,52.82686030000001],[13.610382400000002,52.8301641],[13.6220608,52.82608],[13.627555,52.82902570000001],[13.6474858,52.8271272]]]},"properties":{"plz":"16359","note":"16359 Biesenthal","qkm":60.477279,"einwohner":5515}},{"type":"Feature","geometry":{"type":"Polygon","coordinates":[[[13.1309851,52.7604014],[13.1390151,52.7605088],[13.138127800000001,52.7625376],[13.1523511,52.7661699],[13.1651087,52.76158],[13.1714484,52.7635855],[13.1638352,52.7673988],[13.1778975,52.7776918],[13.188361300000002,52.7759005],[13.1897883,52.7803299],[13.2006415,52.7867703],[13.2012338,52.8007737],[13.2061529,52.8013705],[13.2038527,52.8049969],[13.2165202,52.8096704],[13.2232032,52.8070892],[13.234226,52.8083604],[13.2552051,52.8196433],[13.2561557,52.828997],[13.2642259,52.8305462],[13.26935,52.8226905],[13.318703900000001,52.839918],[13.3234459,52.8394329],[13.3210512,52.8415469],[13.3281237,52.8464685],[13.3332306,52.8459896],[13.333801400000002,52.8407873],[13.3472703,52.8343387],[13.3457844,52.8312443],[13.351521100000001,52.8278736],[13.3445613,52.8237479],[13.3315848,52.8218892],[13.3312855,52.8185767],[13.3525661,52.8255884],[13.3703513,52.7955133],[13.3858759,52.8014033],[13.4218454,52.80423],[13.4304171,52.7890319],[13.4073744,52.7809137],[13.4042995,52.7756134],[13.4144093,52.7512499],[13.4081743,52.7513644],[13.3967281,52.7453017],[13.3983939,52.7433002],[13.4091143,52.7448221],[13.4074297,52.7379489],[13.4236193,52.73438540000001],[13.4129511,52.7260203],[13.4063612,52.7257372],[13.4072911,52.7227316],[13.4186894,52.72054190000001],[13.4219892,52.7099142],[13.4040969,52.709628],[13.4087265,52.6973984],[13.397966,52.6956627],[13.3650375,52.6976867],[13.3661962,52.7126125],[13.3540511,52.7131845],[13.3544762,52.7162506],[13.3475986,52.7143293],[13.3152707,52.7264866],[13.270675,52.7416956],[13.2686934,52.7387564],[13.2646435,52.7408647],[13.2642604,52.72628520000001],[13.2600048,52.727038],[13.2517335,52.7215307],[13.2500103,52.7236389],[13.2450397,52.7196123],[13.2450204,52.7092412],[13.241893,52.7118223],[13.2212602,52.7099069],[13.2190597,52.7118653],[13.214995600000002,52.70956040000001],[13.2134933,52.7120892],[13.209980900000001,52.7278863],[13.2063246,52.7315858],[13.2006823,52.7318625],[13.1960914,52.74517240000001],[13.1911196,52.7408272],[13.1984925,52.7363977],[13.1848132,52.733106],[13.1883141,52.7258038],[13.1809002,52.723937],[13.179051,52.7192071],[13.1744621,52.7150741],[13.1802052,52.7329757],[13.160337,52.7342244],[13.1563046,52.7287391],[13.149446200000002,52.73152400000001],[13.1473573,52.72569690000001],[13.1388621,52.7257529],[13.1394539,52.7496715],[13.1366772,52.75808],[13.1309851,52.7604014]]]},"properties":{"plz":"16515","note":"16515 Oranienburg, M\u00fchlenbecker Land","qkm":181.008208,"einwohner":43351}},{"type":"Feature","geometry":{"type":"Polygon","coordinates":[[[13.2292456,52.6758077],[13.2394243,52.6786666],[13.2375768,52.6823449],[13.241658,52.6838545],[13.234708900000001,52.6846903],[13.2403984,52.6908086],[13.2486972,52.6910544],[13.2497514,52.6910107],[13.2475946,52.6866768],[13.2601559,52.6879255],[13.2606387,52.685804],[13.2445277,52.6816912],[13.2670727,52.6827638],[13.2679447,52.6866083],[13.2766338,52.6833953],[13.2802483,52.6855965],[13.2934233,52.6838428],[13.2907098,52.6799627],[13.304232100000002,52.6709125],[13.300864400000002,52.666941],[13.2906143,52.6678737],[13.288684,52.6631129],[13.2953693,52.661631],[13.2940813,52.6593541],[13.2827516,52.6607614],[13.2837719,52.6411127],[13.2621412,52.6407195],[13.2642342,52.6268645],[13.2411977,52.6281077],[13.2431749,52.6586834],[13.2292456,52.6758077]]]},"properties":{"plz":"16540","note":"16540 Hohen Neuendorf","qkm":19.427645,"einwohner":14753}},{"type":"Feature","geometry":{"type":"Polygon","coordinates":[[[13.2497514,52.6910107],[13.2518871,52.7023284],[13.2556902,52.7026131],[13.2591492,52.6980334],[13.2651456,52.6995048],[13.2681947,52.7052752],[13.2827366,52.7033912],[13.2822447,52.7063719],[13.2886369,52.7074516],[13.288235100000001,52.7113673],[13.2998281,52.7082009],[13.3152707,52.7264866],[13.3475986,52.7143293],[13.3544762,52.7162506],[13.3540511,52.7131845],[13.3661962,52.7126125],[13.3650375,52.6976867],[13.3595883,52.6980887],[13.3091298,52.70046020000001],[13.3079003,52.6875977],[13.2990833,52.6876393],[13.2934233,52.6838428],[13.2802483,52.6855965],[13.2766338,52.6833953],[13.2679447,52.6866083],[13.2670727,52.6827638],[13.2445277,52.6816912],[13.2606387,52.685804],[13.2601559,52.6879255],[13.2475946,52.6866768],[13.2497514,52.6910107]]]},"properties":{"plz":"16547","note":"16547 Birkenwerder","qkm":17.983707,"einwohner":7732}},{"type":"Feature","geometry":{"type":"Polygon","coordinates":[[[13.3094336,52.6427837],[13.3296665,52.6399784],[13.3379411,52.6351295],[13.3543957,52.6380156],[13.361410300000001,52.6357333],[13.3553734,52.6307553],[13.3465288,52.6288524],[13.3439752,52.623738],[13.3366807,52.6226469],[13.3103715,52.6280607],[13.302608900000001,52.6271899],[13.310282,52.6300081],[13.3058593,52.6372482],[13.3094336,52.6427837]]]},"properties":{"plz":"16548","note":"16548 Glienicke/Nordbahn","qkm":4.633545,"einwohner":11070}},{"type":"Feature","geometry":{"type":"Polygon","coordinates":[[[13.3543957,52.6380156],[13.3487633,52.6458218],[13.3755173,52.6553958],[13.3808425,52.6557813],[13.3865232,52.6486866],[13.3944801,52.6473902],[13.389205,52.6376234],[13.381815800000002,52.6363956],[13.3763769,52.6283778],[13.366923700000001,52.62537840000001],[13.3576441,52.622977500000005],[13.3439752,52.623738],[13.3465288,52.6288524],[13.3553734,52.6307553],[13.361410300000001,52.6357333],[13.3543957,52.6380156]]]},"properties":{"plz":"16552","note":"16552 M\u00fchlenbecker Land","qkm":6.640836,"einwohner":6109}},{"type":"Feature","geometry":{"type":"Polygon","coordinates":[[[13.2212602,52.7099069],[13.241893,52.7118223],[13.2450204,52.7092412],[13.2450397,52.7196123],[13.2500103,52.7236389],[13.2517335,52.7215307],[13.2600048,52.727038],[13.2642604,52.72628520000001],[13.2646435,52.7408647],[13.2686934,52.7387564],[13.270675,52.7416956],[13.3152707,52.7264866],[13.2998281,52.7082009],[13.288235100000001,52.7113673],[13.2886369,52.7074516],[13.2822447,52.7063719],[13.2827366,52.7033912],[13.2681947,52.7052752],[13.2651456,52.6995048],[13.2591492,52.6980334],[13.2556902,52.7026131],[13.2518871,52.7023284],[13.2497514,52.6910107],[13.2486972,52.6910544],[13.2473714,52.6993268],[13.2222901,52.7009709],[13.208409,52.6992473],[13.2075355,52.7070116],[13.2212602,52.7099069]]]},"properties":{"plz":"16556","note":"16556 Borgsdorf","qkm":16.054711,"einwohner":4468}},{"type":"Feature","geometry":{"type":"Polygon","coordinates":[[[13.348162900000002,52.901158],[13.358052200000001,52.9083268],[13.3662842,52.9218879],[13.377527200000001,52.9255504],[13.3892924,52.9236578],[13.3988304,52.92994900000001],[13.4026417,52.9342407],[13.4035556,52.9293053],[13.4264372,52.9293613],[13.4252562,52.9324562],[13.4217677,52.9314153],[13.4145887,52.9353438],[13.4168783,52.937186600000004],[13.4249552,52.9328571],[13.431837,52.9377666],[13.4363115,52.9339598],[13.4288368,52.9262217],[13.4104711,52.923099],[13.4081859,52.9132454],[13.4122768,52.9097671],[13.425765,52.9129394],[13.4349274,52.92481630000001],[13.4403991,52.9268084],[13.4537529,52.9187771],[13.472861200000002,52.9185022],[13.4729104,52.9065825],[13.4768544,52.9066835],[13.4773099,52.902816],[13.486721,52.9049051],[13.4891342,52.9008243],[13.475844,52.8994826],[13.477692600000001,52.8948447],[13.4816209,52.8967527],[13.4799322,52.8953499],[13.4761911,52.894471200000005],[13.4736937,52.8947329],[13.4708152,52.8925891],[13.466025,52.8918808],[13.4608622,52.8889993],[13.4612109,52.8852524],[13.504736800000002,52.8762343],[13.5076637,52.8734783],[13.495595900000001,52.8724008],[13.4740674,52.8765924],[13.4701085,52.8705804],[13.485490800000001,52.8522581],[13.4973268,52.8497391],[13.508257400000002,52.8512837],[13.5230803,52.8479093],[13.5084333,52.8382408],[13.5051203,52.8374164],[13.4966316,52.8420618],[13.4945416,52.8400762],[13.4982594,52.830292],[13.501993,52.8295142],[13.4940573,52.8102239],[13.4795026,52.8088231],[13.4683489,52.8127829],[13.4664549,52.8094054],[13.4529198,52.8057211],[13.4218454,52.80423],[13.3858759,52.8014033],[13.3703513,52.7955133],[13.3525661,52.8255884],[13.3312855,52.8185767],[13.3315848,52.8218892],[13.3445613,52.8237479],[13.351521100000001,52.8278736],[13.3457844,52.8312443],[13.3472703,52.8343387],[13.333801400000002,52.8407873],[13.3332306,52.8459896],[13.3281237,52.8464685],[13.3210512,52.8415469],[13.3234459,52.8394329],[13.318703900000001,52.839918],[13.26935,52.8226905],[13.2642259,52.8305462],[13.2561557,52.828997],[13.2570177,52.8317393],[13.2475817,52.8320239],[13.2549202,52.8354067],[13.2486921,52.8358824],[13.2681946,52.8547679],[13.2768171,52.8510436],[13.2943411,52.8695073],[13.3073337,52.865833200000004],[13.3158374,52.87755],[13.3322461,52.8891421],[13.3469597,52.8949774],[13.343473100000002,52.8969239],[13.348162900000002,52.901158]]]},"properties":{"plz":"16559","note":"16559 Liebenwalde","qkm":144.533781,"einwohner":4320}},{"type":"Feature","geometry":{"type":"Polygon","coordinates":[[[13.2934233,52.6838428],[13.2990833,52.6876393],[13.3079003,52.6875977],[13.3091298,52.70046020000001],[13.3595883,52.6980887],[13.3591098,52.6892063],[13.3487994,52.68687810000001],[13.3521639,52.6847735],[13.346924,52.6817088],[13.348102,52.671531],[13.3254035,52.6694264],[13.3100874,52.6574615],[13.3070859,52.659651800000006],[13.2940813,52.6593541],[13.2953693,52.661631],[13.288684,52.6631129],[13.2906143,52.6678737],[13.300864400000002,52.666941],[13.304232100000002,52.6709125],[13.2907098,52.6799627],[13.2934233,52.6838428]]]},"properties":{"plz":"16562","note":"16562 Hohen Neuendorf OT Bergfelde","qkm":13.151551,"einwohner":5469}},{"type":"Feature","geometry":{"type":"Polygon","coordinates":[[[13.3100874,52.6574615],[13.3254035,52.6694264],[13.348102,52.671531],[13.346924,52.6817088],[13.3521639,52.6847735],[13.3487994,52.68687810000001],[13.3591098,52.6892063],[13.3595883,52.6980887],[13.3650375,52.6976867],[13.397966,52.6956627],[13.4087265,52.6973984],[13.3966575,52.68963120000001],[13.3911856,52.68120110000001],[13.3947271,52.6764137],[13.3975256,52.6793504],[13.3979397,52.6724802],[13.4056705,52.6739641],[13.422670000000002,52.6694707],[13.4189307,52.666457],[13.414135400000001,52.6680368],[13.4095243,52.66101750000001],[13.4000884,52.657228],[13.4056381,52.6512976],[13.4005839,52.6497337],[13.4013006,52.646255],[13.3944801,52.6473902],[13.3865232,52.6486866],[13.3808425,52.6557813],[13.3755173,52.6553958],[13.3487633,52.6458218],[13.3543957,52.6380156],[13.3379411,52.6351295],[13.3296665,52.6399784],[13.3094336,52.6427837],[13.300561000000002,52.6534367],[13.3100874,52.6574615]]]},"properties":{"plz":"16567","note":"16567 M\u00fchlenbecker Land","qkm":27.61324,"einwohner":5945}},{"type":"Feature","geometry":{"type":"Polygon","coordinates":[[[13.1309851,52.7604014],[13.1366772,52.75808],[13.1394539,52.7496715],[13.1388621,52.7257529],[13.1473573,52.72569690000001],[13.149446200000002,52.73152400000001],[13.1563046,52.7287391],[13.160337,52.7342244],[13.1802052,52.7329757],[13.1744621,52.7150741],[13.179051,52.7192071],[13.1731946,52.7061418],[13.1966495,52.7044948],[13.2134933,52.7120892],[13.214995600000002,52.70956040000001],[13.2190597,52.7118653],[13.2212602,52.7099069],[13.2075355,52.7070116],[13.208409,52.6992473],[13.2222901,52.7009709],[13.2473714,52.6993268],[13.2486972,52.6910544],[13.2403984,52.6908086],[13.234708900000001,52.6846903],[13.241658,52.6838545],[13.2375768,52.6823449],[13.2394243,52.6786666],[13.2292456,52.6758077],[13.2316077,52.6685114],[13.2273906,52.662407],[13.2191841,52.6679813],[13.2143753,52.6654841],[13.2176988,52.6628632],[13.2057033,52.6628501],[13.2035522,52.6580795],[13.1889191,52.6627311],[13.181897,52.6609568],[13.182029,52.6559159],[13.1740027,52.6484934],[13.1748138,52.643341],[13.1701961,52.6410696],[13.1746679,52.63372150000001],[13.1685814,52.6256387],[13.181376700000001,52.6225777],[13.1748535,52.6226448],[13.1788146,52.6206042],[13.1760777,52.6188853],[13.1671105,52.6218541],[13.155262300000002,52.6068511],[13.1478174,52.6082182],[13.1475213,52.6127047],[13.1517197,52.6116098],[13.1593634,52.6170263],[13.1564286,52.628394],[13.1469351,52.6280699],[13.1374874,52.6318164],[13.1189433,52.631427300000006],[13.1171614,52.6347299],[13.1113513,52.634501900000004],[13.1120202,52.6380305],[13.089701,52.6640424],[13.095679,52.6775716],[13.0760257,52.6777527],[13.0471313,52.6685475],[13.013862500000002,52.67108780000001],[13.0254295,52.6759595],[13.0283511,52.6734066],[13.0294667,52.67884540000001],[13.0175483,52.6765077],[13.0226157,52.6893743],[12.9914573,52.6923614],[12.9955878,52.6976849],[12.984104,52.7013383],[12.9866614,52.7063207],[12.9941316,52.703648300000005],[13.0057735,52.7122074],[13.0245061,52.7091638],[13.0313729,52.7216142],[13.0536846,52.7254532],[13.050614,52.7275078],[13.0519937,52.7362317],[13.0854382,52.7462531],[13.1045135,52.7622501],[13.1309851,52.7604014]]]},"properties":{"plz":"16727","note":"16727 Velten, Oberkr\u00e4mer","qkm":127.893467,"einwohner":21896}},{"type":"Feature","geometry":{"type":"Polygon","coordinates":[[[13.155262300000002,52.6068511],[13.1671105,52.6218541],[13.1760777,52.6188853],[13.1788146,52.6206042],[13.1748535,52.6226448],[13.181376700000001,52.6225777],[13.1685814,52.6256387],[13.1746679,52.63372150000001],[13.1701961,52.6410696],[13.1748138,52.643341],[13.1740027,52.6484934],[13.182029,52.6559159],[13.181897,52.6609568],[13.1889191,52.6627311],[13.2035522,52.6580795],[13.2057033,52.6628501],[13.2176988,52.6628632],[13.2143753,52.6654841],[13.2191841,52.6679813],[13.2273906,52.662407],[13.2316077,52.6685114],[13.2292456,52.6758077],[13.2431749,52.6586834],[13.2411977,52.6281077],[13.2205698,52.6282415],[13.2167126,52.6201624],[13.2016321,52.6065472],[13.2082024,52.5989922],[13.2188334,52.5924067],[13.2173971,52.5874772],[13.2054031,52.5868468],[13.1645275,52.5987932],[13.165952800000001,52.6038033],[13.1532971,52.6006453],[13.155262300000002,52.6068511]]]},"properties":{"plz":"16761","note":"16761 Hennigsdorf","qkm":31.124088,"einwohner":25527}},{"type":"Feature","geometry":{"type":"Polygon","coordinates":[[[12.846216,52.7054673],[12.8825411,52.7178562],[12.8649779,52.7225719],[12.8727926,52.7274774],[12.9056313,52.74261],[12.9209038,52.7457988],[12.9226104,52.77021040000001],[12.9102654,52.7723248],[12.9189757,52.7944402],[12.9244928,52.7892996],[12.9377938,52.7932149],[12.9442316,52.8011224],[12.9379706,52.8041361],[12.9630689,52.8119917],[12.9700277,52.8169362],[12.9798672,52.8177182],[12.9857831,52.8285901],[12.971511,52.8286955],[12.969531000000002,52.835465],[12.986254300000002,52.8363748],[12.9867896,52.8465521],[12.9752811,52.8562627],[12.975185000000002,52.862238000000005],[12.9910248,52.8631091],[12.9930252,52.857058900000006],[13.0057283,52.8577259],[13.0061352,52.8609645],[12.9995136,52.8611937],[12.999093,52.8654479],[13.0152946,52.8656651],[13.0256543,52.8564022],[13.0390696,52.85465],[13.0434811,52.8542892],[13.047545,52.8606898],[13.0522953,52.8779465],[13.0669809,52.8833554],[13.0675538,52.8865535],[13.0835014,52.8941921],[13.0843552,52.89728300000001],[13.1113497,52.8731431],[13.0925692,52.8579043],[13.1067055,52.8423258],[13.0969272,52.8421301],[13.0848916,52.83602380000001],[13.088022900000002,52.8019576],[13.0986674,52.8011211],[13.100801,52.8062301],[13.1117234,52.8077912],[13.1103747,52.8118874],[13.1152607,52.8127019],[13.1103125,52.8134787],[13.1216765,52.8147562],[13.119902,52.8166418],[13.1249638,52.818220000000004],[13.1286515,52.8106221],[13.1469789,52.8148403],[13.1672667,52.7975691],[13.173631500000003,52.80087],[13.1808031,52.8005659],[13.1883476,52.8064631],[13.1902423,52.8039518],[13.1977826,52.8052489],[13.2012338,52.8007737],[13.2006415,52.7867703],[13.1897883,52.7803299],[13.188361300000002,52.7759005],[13.1778975,52.7776918],[13.1638352,52.7673988],[13.1714484,52.7635855],[13.1651087,52.76158],[13.1523511,52.7661699],[13.138127800000001,52.7625376],[13.1390151,52.7605088],[13.1309851,52.7604014],[13.1045135,52.7622501],[13.0854382,52.7462531],[13.0519937,52.7362317],[13.050614,52.7275078],[13.0536846,52.7254532],[13.0313729,52.7216142],[13.0245061,52.7091638],[13.0057735,52.7122074],[12.9941316,52.703648300000005],[12.9866614,52.7063207],[12.984104,52.7013383],[12.969434600000001,52.7009697],[12.974806800000001,52.7119878],[12.973273,52.71044930000001],[12.963902,52.7138317],[12.9624873,52.7192254],[12.9284652,52.7253751],[12.9238826,52.7191155],[12.8721325,52.7090341],[12.8548485,52.7018165],[12.846216,52.7054673]]]},"properties":{"plz":"16766","note":"16766 Kremmen","qkm":207.038544,"einwohner":7160}},{"type":"Feature","geometry":{"type":"Polygon","coordinates":[[[13.179051,52.7192071],[13.1809002,52.723937],[13.1883141,52.7258038],[13.1848132,52.733106],[13.1984925,52.7363977],[13.1911196,52.7408272],[13.1960914,52.74517240000001],[13.2006823,52.7318625],[13.2063246,52.7315858],[13.209980900000001,52.7278863],[13.2134933,52.7120892],[13.1966495,52.7044948],[13.1731946,52.7061418],[13.179051,52.7192071]]]},"properties":{"plz":"16767","note":"16767 Leegebruch","qkm":6.404265,"einwohner":6573}},{"type":"Feature","geometry":{"type":"Polygon","coordinates":[[[12.985622,53.1644506],[12.9840996,53.1670523],[12.9916532,53.1686858],[13.0070589,53.1677963],[13.0093691,53.1729753],[13.0198856,53.1760482],[13.0187246,53.1853212],[13.0260897,53.1851526],[13.0332543,53.1750727],[13.0548407,53.1580502],[13.0700885,53.1581094],[13.0968355,53.165072],[13.0987561,53.151394],[13.1298826,53.1424304],[13.1311808,53.139376],[13.163738,53.1447352],[13.1747329,53.1402111],[13.1754689,53.1437301],[13.1869488,53.1493039],[13.1825843,53.1580127],[13.189282300000002,53.1729088],[13.1972475,53.1713373],[13.1957829,53.16524160000001],[13.1865411,53.1589223],[13.1935084,53.1544177],[13.197017,53.1466845],[13.1931243,53.1457249],[13.1969545,53.1413979],[13.1961519,53.130156],[13.2242872,53.1192511],[13.2275939,53.1128426],[13.2208841,53.1102949],[13.2193692,53.1062708],[13.2060697,53.10569370000001],[13.202851,53.1024873],[13.2098827,53.080363],[13.2048895,53.0767473],[13.212522,53.0681072],[13.211698,53.06378000000001],[13.2415217,53.053689],[13.2515249,53.0529821],[13.279342500000002,53.0620731],[13.2721052,53.05632500000001],[13.2605525,53.0547581],[13.2563769,53.049292],[13.2383878,53.0522457],[13.2341714,53.0552773],[13.2246553,53.0336356],[13.2195312,53.0321575],[13.228144300000002,53.0199241],[13.2463522,53.0174239],[13.2260082,53.009191400000006],[13.211941600000001,52.9997668],[13.209947700000003,52.9949616],[13.2155111,52.9851519],[13.2216019,52.9840746],[13.2261835,52.9662629],[13.2186278,52.9650385],[13.2274437,52.9580137],[13.2406938,52.9560017],[13.2448309,52.9458401],[13.2447493,52.9367631],[13.222767,52.9205887],[13.2430563,52.9138757],[13.2479284,52.9186056],[13.2616183,52.9184404],[13.280642600000002,52.923484],[13.2955701,52.9316217],[13.3182077,52.9255061],[13.3241792,52.92080800000001],[13.3348372,52.9213126],[13.3382458,52.9443881],[13.371606,52.9480187],[13.3745457,52.9410429],[13.3735149,52.9333341],[13.3662458,52.933692],[13.3688454,52.92683100000001],[13.3577518,52.9227691],[13.353353,52.9123021],[13.3395986,52.9068282],[13.348162900000002,52.901158],[13.343473100000002,52.8969239],[13.3469597,52.8949774],[13.3322461,52.8891421],[13.3158374,52.87755],[13.3073337,52.865833200000004],[13.2943411,52.8695073],[13.2768171,52.8510436],[13.2681946,52.8547679],[13.2486921,52.8358824],[13.2549202,52.8354067],[13.2475817,52.8320239],[13.2570177,52.8317393],[13.2561557,52.828997],[13.2552051,52.8196433],[13.234226,52.8083604],[13.2232032,52.8070892],[13.2165202,52.8096704],[13.2038527,52.8049969],[13.2061529,52.8013705],[13.2012338,52.8007737],[13.1977826,52.8052489],[13.1902423,52.8039518],[13.1883476,52.8064631],[13.1808031,52.8005659],[13.173631500000003,52.80087],[13.1672667,52.7975691],[13.1469789,52.8148403],[13.1286515,52.8106221],[13.1249638,52.818220000000004],[13.119902,52.8166418],[13.1216765,52.8147562],[13.1103125,52.8134787],[13.1152607,52.8127019],[13.1103747,52.8118874],[13.1117234,52.8077912],[13.100801,52.8062301],[13.0986674,52.8011211],[13.088022900000002,52.8019576],[13.0848916,52.83602380000001],[13.0969272,52.8421301],[13.1067055,52.8423258],[13.0925692,52.8579043],[13.1113497,52.8731431],[13.0843552,52.89728300000001],[13.0835014,52.8941921],[13.0675538,52.8865535],[13.0669809,52.8833554],[13.0522953,52.8779465],[13.047545,52.8606898],[13.0434811,52.8542892],[13.0390696,52.85465],[13.0401545,52.8762785],[13.0241943,52.8786937],[13.0180658,52.9060825],[13.0464072,52.9173165],[13.0517374,52.9351576],[13.0494814,52.9469811],[13.0578059,52.9555492],[13.0499427,52.9720672],[13.0510402,52.9898334],[13.0277259,52.9887574],[13.0233854,52.9948346],[13.006031,52.9967603],[13.0118977,53.0120196],[13.0326673,53.0240814],[13.0230716,53.0315085],[13.0261061,53.0718401],[13.0097453,53.0749533],[12.9723758,53.072807],[12.9742762,53.0767318],[12.9674236,53.0793627],[12.9702317,53.0809488],[12.9664429,53.0851107],[12.948280900000002,53.0874299],[12.9378272,53.1019612],[12.9402326,53.1059309],[12.948107600000002,53.10281340000001],[12.9478769,53.1066014],[12.9518678,53.1064335],[12.9470175,53.115964],[12.9535631,53.1229776],[12.9600369,53.1233468],[12.963556,53.1328468],[12.9916656,53.129396500000006],[12.9982348,53.1359358],[13.0113148,53.1414221],[13.0089301,53.1452896],[13.0280531,53.1470026],[13.0034771,53.151482],[12.9998699,53.1474136],[12.994807,53.1471819],[12.9969037,53.1525117],[13.0067857,53.155906],[12.9889544,53.1576462],[12.985622,53.1644506]]]},"properties":{"plz":"16775","note":"16775 Gransee, L\u00f6wenberg","qkm":567.928648,"einwohner":17346}},{"type":"Feature","geometry":{"type":"Polygon","coordinates":[[[13.279342500000002,53.0620731],[13.3060814,53.06138],[13.3289354,53.0673285],[13.3325216,53.0722444],[13.3496067,53.0710103],[13.3487827,53.0750616],[13.353177,53.0779774],[13.3664534,53.079093],[13.3717071,53.0767106],[13.3694889,53.0686714],[13.377564,53.0674203],[13.3782965,53.069999],[13.389867,53.0603549],[13.4141968,53.056248],[13.415662400000002,53.0533758],[13.4089835,53.0492864],[13.4106702,53.0440705],[13.4024562,53.0312295],[13.4066373,53.025353800000005],[13.4333937,53.023372],[13.4444156,53.0295648],[13.4611419,53.0076909],[13.4853719,53.0087445],[13.4868503,53.0017307],[13.4967797,53.0015612],[13.496431,52.997064],[13.501194800000002,52.9984959],[13.4914432,52.986879800000004],[13.5175627,52.9885354],[13.5135201,52.9750803],[13.4835885,52.9637592],[13.4752556,52.9669718],[13.4642971,52.9638062],[13.453806,52.9652058],[13.4277538,52.947873],[13.4058219,52.9420009],[13.3979431,52.9340994],[13.3988304,52.92994900000001],[13.3892924,52.9236578],[13.377527200000001,52.9255504],[13.3662842,52.9218879],[13.358052200000001,52.9083268],[13.348162900000002,52.901158],[13.3395986,52.9068282],[13.353353,52.9123021],[13.3577518,52.9227691],[13.3688454,52.92683100000001],[13.3662458,52.933692],[13.3735149,52.9333341],[13.3745457,52.9410429],[13.371606,52.9480187],[13.3382458,52.9443881],[13.3348372,52.9213126],[13.3241792,52.92080800000001],[13.3182077,52.9255061],[13.2955701,52.9316217],[13.280642600000002,52.923484],[13.2616183,52.9184404],[13.2479284,52.9186056],[13.2430563,52.9138757],[13.222767,52.9205887],[13.2447493,52.9367631],[13.2448309,52.9458401],[13.2406938,52.9560017],[13.2274437,52.9580137],[13.2186278,52.9650385],[13.2261835,52.9662629],[13.2216019,52.9840746],[13.2155111,52.9851519],[13.209947700000003,52.9949616],[13.211941600000001,52.9997668],[13.2260082,53.009191400000006],[13.2463522,53.0174239],[13.228144300000002,53.0199241],[13.2195312,53.0321575],[13.2246553,53.0336356],[13.2341714,53.0552773],[13.2383878,53.0522457],[13.2563769,53.049292],[13.2605525,53.0547581],[13.2721052,53.05632500000001],[13.279342500000002,53.0620731]]]},"properties":{"plz":"16792","note":"16792 Zehdenick","qkm":223.312083,"einwohner":13669}},{"type":"Feature","geometry":{"type":"Polygon","coordinates":[[[13.0260897,53.1851526],[13.0314095,53.1915886],[13.0529964,53.1999921],[13.0635965,53.2005891],[13.0693703,53.2036356],[13.0727309,53.200286],[13.078718,53.200462],[13.0771451,53.2043146],[13.0855777,53.210067],[13.0869773,53.215331400000004],[13.0934593,53.21716630000001],[13.0966079,53.2130127],[13.1065303,53.2149576],[13.1040602,53.2357403],[13.1081776,53.2386208],[13.1180484,53.2412236],[13.1328997,53.2371758],[13.1378228,53.245112500000005],[13.1498078,53.25066],[13.1524235,53.2462725],[13.1643476,53.2501562],[13.1776766,53.2473106],[13.180433000000003,53.2512282],[13.1875151,53.2463718],[13.1907648,53.2350121],[13.2060518,53.2201269],[13.2130847,53.2209089],[13.2297847,53.2166111],[13.2412206,53.2319034],[13.2432376,53.2369425],[13.2465775,53.2345896],[13.2428503,53.2294668],[13.252037400000003,53.2198674],[13.2415945,53.21303100000001],[13.2474669,53.205117],[13.2617656,53.2064429],[13.2735928,53.2025105],[13.2759386,53.1961172],[13.271847400000002,53.19019680000001],[13.2889986,53.19704020000001],[13.2914453,53.1927527],[13.2837027,53.1862944],[13.3133443,53.1765777],[13.294019100000002,53.1587512],[13.3037588,53.155085500000006],[13.2855336,53.1393577],[13.2929204,53.1396627],[13.2978697,53.143138],[13.3018683,53.1416366],[13.2934523,53.1390378],[13.300036,53.1333071],[13.2970897,53.1283728],[13.3112174,53.1213533],[13.3153246,53.1128269],[13.3221909,53.1107154],[13.3267212,53.0995665],[13.334942,53.0964619],[13.3490821,53.09609700000001],[13.3516935,53.091428],[13.3630579,53.0872952],[13.3664534,53.079093],[13.353177,53.0779774],[13.3487827,53.0750616],[13.3496067,53.0710103],[13.3325216,53.0722444],[13.3289354,53.0673285],[13.3060814,53.06138],[13.279342500000002,53.0620731],[13.2515249,53.0529821],[13.2415217,53.053689],[13.211698,53.06378000000001],[13.212522,53.0681072],[13.2048895,53.0767473],[13.2098827,53.080363],[13.202851,53.1024873],[13.2060697,53.10569370000001],[13.2193692,53.1062708],[13.2208841,53.1102949],[13.2275939,53.1128426],[13.2242872,53.1192511],[13.1961519,53.130156],[13.1969545,53.1413979],[13.1931243,53.1457249],[13.197017,53.1466845],[13.1935084,53.1544177],[13.1865411,53.1589223],[13.1957829,53.16524160000001],[13.1972475,53.1713373],[13.189282300000002,53.1729088],[13.1825843,53.1580127],[13.1869488,53.1493039],[13.1754689,53.1437301],[13.1747329,53.1402111],[13.163738,53.1447352],[13.1311808,53.139376],[13.1298826,53.1424304],[13.0987561,53.151394],[13.0968355,53.165072],[13.0700885,53.1581094],[13.0548407,53.1580502],[13.0332543,53.1750727],[13.0260897,53.1851526]]]},"properties":{"plz":"16798","note":"16798 F\u00fcrstenberg","qkm":214.347228,"einwohner":6178}},{"type":"Feature","geometry":{"type":"Polygon","coordinates":[[[12.7826856,52.9799723],[12.7997491,52.9797885],[12.8003171,52.9769067],[12.7883223,52.97348740000001],[12.7990824,52.9597401],[12.8107176,52.9586877],[12.8206727,52.9637989],[12.824386,52.954964],[12.8360512,52.9514046],[12.8327527,52.9364237],[12.8519194,52.9358731],[12.8511062,52.9377467],[12.8698985,52.9391498],[12.8718264,52.9338146],[12.8776752,52.9163015],[12.875441,52.9091358],[12.8392245,52.9167541],[12.8419798,52.911137],[12.8359638,52.910595],[12.81675,52.9197846],[12.8174622,52.909089900000005],[12.8114424,52.8971663],[12.8297642,52.8920801],[12.8291799,52.8863701],[12.8393839,52.8831478],[12.8394549,52.8758951],[12.847281500000001,52.87135670000001],[12.819868000000001,52.85762050000001],[12.7803655,52.8552876],[12.7766929,52.8637178],[12.781508,52.8705217],[12.76431,52.88567260000001],[12.7658696,52.8904449],[12.744862700000002,52.90308720000001],[12.748688,52.9052025],[12.7416277,52.90815980000001],[12.7501828,52.9123568],[12.7459016,52.91450350000001],[12.7399951,52.9105938],[12.7347971,52.9135772],[12.7390369,52.9221053],[12.7536064,52.9261481],[12.7515742,52.93068780000001],[12.7588478,52.9329347],[12.7683374,52.95416720000001],[12.7769989,52.9501877],[12.7776234,52.9528003],[12.7828389,52.9525405],[12.7860827,52.9586176],[12.791436400000002,52.95815360000001],[12.7826856,52.9799723]]]},"properties":{"plz":"16816","note":"16816 Neuruppin","qkm":61.906405,"einwohner":24358}},{"type":"Feature","geometry":{"type":"MultiPolygon","coordinates":[[[[12.7875401,52.691337],[12.7967588,52.6915377],[12.8167906,52.7071451],[12.8256782,52.7041435],[12.824549,52.708626],[12.8287243,52.7091717],[12.846216,52.7054673],[12.8548485,52.7018165],[12.8601918,52.6976851],[12.8469526,52.6942136],[12.8517199,52.6907231],[12.837133000000001,52.6864083],[12.840728000000002,52.6822989],[12.8356807,52.6810392],[12.7875401,52.691337]]],[[[12.7803655,52.8552876],[12.819868000000001,52.85762050000001],[12.847281500000001,52.87135670000001],[12.8394549,52.8758951],[12.8393839,52.8831478],[12.8291799,52.8863701],[12.8297642,52.8920801],[12.8114424,52.8971663],[12.8174622,52.909089900000005],[12.81675,52.9197846],[12.8359638,52.910595],[12.8419798,52.911137],[12.8392245,52.9167541],[12.875441,52.9091358],[12.8965683,52.91244580000001],[12.910434,52.9104178],[12.9246845,52.9184638],[12.9323126,52.9189103],[12.9308593,52.91645450000001],[12.9371975,52.910867100000004],[12.9335302,52.9082011],[12.9596864,52.88415460000001],[12.9564834,52.8682719],[12.969531000000002,52.835465],[12.971511,52.8286955],[12.9857831,52.8285901],[12.9798672,52.8177182],[12.9700277,52.8169362],[12.9630689,52.8119917],[12.9379706,52.8041361],[12.9442316,52.8011224],[12.9377938,52.7932149],[12.9244928,52.7892996],[12.9189757,52.7944402],[12.898403200000002,52.7971018],[12.8945667,52.7961294],[12.8927536,52.7864678],[12.8714263,52.790622400000004],[12.8643594,52.7898743],[12.8563269,52.784885],[12.8310257,52.8008537],[12.8179465,52.8046612],[12.8052298,52.8190315],[12.8069638,52.8217962],[12.7960969,52.8225002],[12.7906604,52.8278869],[12.7799952,52.8288422],[12.7824313,52.837123],[12.7770887,52.8387126],[12.7772232,52.8414106],[12.7815559,52.8413704],[12.7803655,52.8552876]]],[[[12.5573387,53.0332478],[12.579512,53.03282370000001],[12.5937449,53.0353767],[12.5982231,53.0346289],[12.5943468,53.0285737],[12.6083994,53.0263275],[12.6153998,53.0473171],[12.6414527,53.0460652],[12.6425685,53.0425802],[12.6569607,53.0385797],[12.705166800000002,53.1035089],[12.7465017,53.0927686],[12.7511621,53.0996851],[12.7719663,53.0940329],[12.7772082,53.0857169],[12.7860519,53.0841175],[12.795372,53.0769679],[12.7855218,53.0692552],[12.7869102,53.0640274],[12.780529800000002,53.0609956],[12.7767773,53.0621134],[12.7815943,53.0559094],[12.78963,53.0582825],[12.796106,53.0546958],[12.8027692,53.0600367],[12.828424700000001,53.0618386],[12.8452443,53.0723111],[12.850765,53.0700046],[12.8486224,53.0680515],[12.8662651,53.0628313],[12.8831429,53.0617611],[12.8651404,53.0458552],[12.8332127,53.0426749],[12.8310636,53.0360167],[12.8210792,53.0235868],[12.8274404,53.0188975],[12.821529,53.01202870000001],[12.814153,53.0124833],[12.814135,53.0197344],[12.7960275,53.0219388],[12.7871737,53.0204391],[12.7780793,53.0049217],[12.7858509,52.9878342],[12.7740012,52.98605740000001],[12.7826856,52.9799723],[12.791436400000002,52.95815360000001],[12.7860827,52.9586176],[12.7828389,52.9525405],[12.7776234,52.9528003],[12.7769989,52.9501877],[12.7683374,52.95416720000001],[12.7588478,52.9329347],[12.7515742,52.93068780000001],[12.7536064,52.9261481],[12.7390369,52.9221053],[12.7347971,52.9135772],[12.7399951,52.9105938],[12.7459016,52.91450350000001],[12.7501828,52.9123568],[12.7416277,52.90815980000001],[12.748688,52.9052025],[12.744862700000002,52.90308720000001],[12.7658696,52.8904449],[12.76431,52.88567260000001],[12.7483177,52.8873392],[12.7184367,52.8763871],[12.6983584,52.8878847],[12.6707854,52.8906872],[12.6209179,52.907294],[12.6247265,52.910955300000005],[12.6351904,52.9102345],[12.636967,52.9151814],[12.6226311,52.9241484],[12.609881,52.9392585],[12.6000169,52.9420232],[12.5765811,52.9680875],[12.5734589,52.9759454],[12.5565203,52.9718377],[12.5520399,52.97557],[12.5554002,52.980054],[12.550596900000002,52.9916251],[12.551864000000002,53.000719],[12.5329147,53.0059098],[12.5304535,53.0089446],[12.5417413,53.0150233],[12.5422473,53.0220221],[12.5542593,53.0222693],[12.5573387,53.0332478]]]]},"properties":{"plz":"16818","note":"16818 Fehrbellin, Temnitzquell, M\u00e4rkisch Linden u.a.","qkm":414.15521,"einwohner":8221}},{"type":"Feature","geometry":{"type":"Polygon","coordinates":[[[12.8310636,53.0360167],[12.8383149,53.0353144],[12.8426141,53.0281308],[12.8624028,53.0303087],[12.871369100000003,53.0287396],[12.8781419,53.0327915],[12.9015425,53.0223127],[12.907382600000002,53.0272074],[12.9039445,53.0306454],[12.9109319,53.0370796],[12.9167548,53.0367389],[12.9210054,53.0299879],[12.9234717,53.0275781],[12.9319416,53.028392],[12.9462563,53.0124273],[12.9687608,53.0051306],[12.9436791,52.99361450000001],[12.941409,52.9968869],[12.933295,52.9831979],[12.9174112,52.9818016],[12.9104039,52.9757522],[12.9098492,52.969939200000006],[12.9155387,52.9655277],[12.9134223,52.96021390000001],[12.9308336,52.955216],[12.9337492,52.9499914],[12.9315447,52.9376567],[12.8812324,52.939677100000004],[12.8732661,52.9390627],[12.8748105,52.9342057],[12.8718264,52.9338146],[12.8698985,52.9391498],[12.8511062,52.9377467],[12.8519194,52.9358731],[12.8327527,52.9364237],[12.8360512,52.9514046],[12.824386,52.954964],[12.8206727,52.9637989],[12.8107176,52.9586877],[12.7990824,52.9597401],[12.7883223,52.97348740000001],[12.8003171,52.9769067],[12.7997491,52.9797885],[12.7826856,52.9799723],[12.7740012,52.98605740000001],[12.7858509,52.9878342],[12.7780793,53.0049217],[12.7871737,53.0204391],[12.7960275,53.0219388],[12.814135,53.0197344],[12.814153,53.0124833],[12.821529,53.01202870000001],[12.8274404,53.0188975],[12.8210792,53.0235868],[12.8310636,53.0360167]]]},"properties":{"plz":"16827","note":"16827 Neuruppin","qkm":90.713228,"einwohner":3007}},{"type":"Feature","geometry":{"type":"Polygon","coordinates":[[[12.7719663,53.0940329],[12.7766715,53.0980791],[12.7848023,53.09848120000001],[12.7816355,53.102647],[12.7861963,53.1090161],[12.8033016,53.1136935],[12.8030726,53.1181807],[12.80769,53.1134763],[12.822912200000001,53.1161185],[12.829066,53.1230003],[12.8372275,53.1228912],[12.8434376,53.1333542],[12.8506377,53.1319635],[12.8460445,53.1300366],[12.8439683,53.12247940000001],[12.8496132,53.120168],[12.8520013,53.12185530000001],[12.8571658,53.1203533],[12.8634223,53.1291665],[12.8738539,53.1302231],[12.8738398,53.140737],[12.8636448,53.146179],[12.8676192,53.1509626],[12.8547134,53.1509372],[12.853542000000001,53.1474817],[12.8507667,53.1493931],[12.8447623,53.1482665],[12.838188,53.1423866],[12.8240899,53.1505478],[12.8359377,53.1532907],[12.8266251,53.1618263],[12.8349133,53.1674325],[12.8277112,53.17063650000001],[12.8268353,53.1743147],[12.8348289,53.1784669],[12.8438408,53.1768857],[12.8455978,53.1838897],[12.8542404,53.1898384],[12.8493203,53.1998108],[12.8548669,53.19552720000001],[12.858794800000002,53.1881285],[12.8675079,53.18679770000001],[12.8797182,53.1793587],[12.8868131,53.1804196],[12.8895586,53.1874065],[12.901642500000001,53.1896321],[12.904726,53.1941142],[12.9260796,53.19569880000001],[12.930574,53.1925736],[12.9201048,53.18629820000001],[12.9350465,53.1882931],[12.9422454,53.1856139],[12.9438976,53.1904852],[12.9365193,53.194232400000004],[12.9479612,53.1991169],[12.9654435,53.2002456],[12.975274,53.1980164],[12.9797949,53.1908104],[12.9421024,53.1744668],[12.948503,53.172605],[12.9610053,53.17759120000001],[12.9690667,53.1659919],[12.9772355,53.162864400000004],[12.985622,53.1644506],[12.9889544,53.1576462],[13.0067857,53.155906],[12.9969037,53.1525117],[12.994807,53.1471819],[12.9998699,53.1474136],[13.0034771,53.151482],[13.0280531,53.1470026],[13.0089301,53.1452896],[13.0113148,53.1414221],[12.9982348,53.1359358],[12.9916656,53.129396500000006],[12.963556,53.1328468],[12.9600369,53.1233468],[12.9535631,53.1229776],[12.9470175,53.115964],[12.9518678,53.1064335],[12.9478769,53.1066014],[12.948107600000002,53.10281340000001],[12.9402326,53.1059309],[12.9378272,53.1019612],[12.948280900000002,53.0874299],[12.9664429,53.0851107],[12.9702317,53.0809488],[12.9674236,53.0793627],[12.9742762,53.0767318],[12.9723758,53.072807],[13.0097453,53.0749533],[13.0054387,53.0567935],[13.0022428,53.0575286],[12.996416,53.0474833],[12.9837153,53.0468969],[12.9689676,53.0422884],[12.9597972,53.0429371],[12.9463137,53.0318776],[12.940926700000002,53.0391002],[12.9210054,53.0299879],[12.9167548,53.0367389],[12.9109319,53.0370796],[12.9039445,53.0306454],[12.907382600000002,53.0272074],[12.9015425,53.0223127],[12.8781419,53.0327915],[12.871369100000003,53.0287396],[12.8624028,53.0303087],[12.8426141,53.0281308],[12.8383149,53.0353144],[12.8310636,53.0360167],[12.8332127,53.0426749],[12.8651404,53.0458552],[12.8831429,53.0617611],[12.8662651,53.0628313],[12.8486224,53.0680515],[12.850765,53.0700046],[12.8452443,53.0723111],[12.828424700000001,53.0618386],[12.8027692,53.0600367],[12.796106,53.0546958],[12.78963,53.0582825],[12.7815943,53.0559094],[12.7767773,53.0621134],[12.780529800000002,53.0609956],[12.7869102,53.0640274],[12.7855218,53.0692552],[12.795372,53.0769679],[12.7860519,53.0841175],[12.7772082,53.0857169],[12.7719663,53.0940329]]]},"properties":{"plz":"16831","note":"16831 Rheinsberg","qkm":175.172313,"einwohner":6175}},{"type":"Feature","geometry":{"type":"Polygon","coordinates":[[[12.6499537,52.80036700000001],[12.6699465,52.8019251],[12.6902863,52.8158538],[12.6860759,52.8309178],[12.7046872,52.8362776],[12.707073800000002,52.862206],[12.7147659,52.8650541],[12.714568700000001,52.8704486],[12.7216108,52.8710815],[12.7184367,52.8763871],[12.7483177,52.8873392],[12.76431,52.88567260000001],[12.781508,52.8705217],[12.7766929,52.8637178],[12.7803655,52.8552876],[12.7815559,52.8413704],[12.7772232,52.8414106],[12.7770887,52.8387126],[12.7824313,52.837123],[12.7799952,52.8288422],[12.7906604,52.8278869],[12.7960969,52.8225002],[12.8069638,52.8217962],[12.8052298,52.8190315],[12.8179465,52.8046612],[12.8310257,52.8008537],[12.8563269,52.784885],[12.8643594,52.7898743],[12.8714263,52.790622400000004],[12.8927536,52.7864678],[12.8945667,52.7961294],[12.898403200000002,52.7971018],[12.9189757,52.7944402],[12.9102654,52.7723248],[12.9226104,52.77021040000001],[12.9209038,52.7457988],[12.9056313,52.74261],[12.8727926,52.7274774],[12.8649779,52.7225719],[12.8825411,52.7178562],[12.846216,52.7054673],[12.8287243,52.7091717],[12.824549,52.708626],[12.8256782,52.7041435],[12.8167906,52.7071451],[12.7967588,52.6915377],[12.7875401,52.691337],[12.76607,52.6945628],[12.7641369,52.6973489],[12.7405692,52.70316],[12.7375482,52.71211520000001],[12.7276773,52.72249],[12.7161424,52.7234555],[12.7174443,52.7285512],[12.7077652,52.729274600000004],[12.712311,52.7376367],[12.7227667,52.7437073],[12.7154734,52.7483813],[12.720655100000002,52.7561209],[12.672263000000001,52.76954],[12.6764901,52.7733399],[12.6667476,52.7777652],[12.6698054,52.7821956],[12.6567408,52.791204500000006],[12.6546789,52.7890787],[12.645975300000002,52.7926704],[12.6499537,52.80036700000001]]]},"properties":{"plz":"16833","note":"16833 Fehrbellin","qkm":198.964532,"einwohner":6635}},{"type":"Feature","geometry":{"type":"Polygon","coordinates":[[[12.8718264,52.9338146],[12.8748105,52.9342057],[12.8732661,52.9390627],[12.8812324,52.939677100000004],[12.9315447,52.9376567],[12.9337492,52.9499914],[12.9308336,52.955216],[12.9134223,52.96021390000001],[12.9155387,52.9655277],[12.9098492,52.969939200000006],[12.9104039,52.9757522],[12.9174112,52.9818016],[12.933295,52.9831979],[12.941409,52.9968869],[12.9436791,52.99361450000001],[12.9687608,53.0051306],[12.9462563,53.0124273],[12.9319416,53.028392],[12.9234717,53.0275781],[12.9210054,53.0299879],[12.940926700000002,53.0391002],[12.9463137,53.0318776],[12.9597972,53.0429371],[12.9689676,53.0422884],[12.9837153,53.0468969],[12.996416,53.0474833],[13.0022428,53.0575286],[13.0054387,53.0567935],[13.0097453,53.0749533],[13.0261061,53.0718401],[13.0230716,53.0315085],[13.0326673,53.0240814],[13.0118977,53.0120196],[13.006031,52.9967603],[13.0233854,52.9948346],[13.0277259,52.9887574],[13.0510402,52.9898334],[13.0499427,52.9720672],[13.0578059,52.9555492],[13.0494814,52.9469811],[13.0517374,52.9351576],[13.0464072,52.9173165],[13.0180658,52.9060825],[13.0241943,52.8786937],[13.0401545,52.8762785],[13.0390696,52.85465],[13.0256543,52.8564022],[13.0152946,52.8656651],[12.999093,52.8654479],[12.9995136,52.8611937],[13.0061352,52.8609645],[13.0057283,52.8577259],[12.9930252,52.857058900000006],[12.9910248,52.8631091],[12.975185000000002,52.862238000000005],[12.9752811,52.8562627],[12.9867896,52.8465521],[12.986254300000002,52.8363748],[12.969531000000002,52.835465],[12.9564834,52.8682719],[12.9596864,52.88415460000001],[12.9335302,52.9082011],[12.9371975,52.910867100000004],[12.9308593,52.91645450000001],[12.9323126,52.9189103],[12.9246845,52.9184638],[12.910434,52.9104178],[12.8965683,52.91244580000001],[12.875441,52.9091358],[12.8776752,52.9163015],[12.8718264,52.9338146]]]},"properties":{"plz":"16835","note":"16835 Lindow u.a.","qkm":151.2318,"einwohner":5666}},{"type":"Feature","geometry":{"type":"Polygon","coordinates":[[[12.7392262,53.1997659],[12.7588395,53.1951249],[12.7642528,53.1889716],[12.7812372,53.187351],[12.7900738,53.1907497],[12.7994133,53.1906587],[12.8095516,53.1972461],[12.814639,53.1918487],[12.8162533,53.1956191],[12.8205583,53.1932518],[12.825096,53.1968988],[12.8379717,53.19702470000001],[12.845469,53.2011968],[12.8493203,53.1998108],[12.8542404,53.1898384],[12.8455978,53.1838897],[12.8438408,53.1768857],[12.8348289,53.1784669],[12.8268353,53.1743147],[12.8277112,53.17063650000001],[12.8349133,53.1674325],[12.8266251,53.1618263],[12.8359377,53.1532907],[12.8240899,53.1505478],[12.838188,53.1423866],[12.8447623,53.1482665],[12.8507667,53.1493931],[12.853542000000001,53.1474817],[12.8547134,53.1509372],[12.8676192,53.1509626],[12.8636448,53.146179],[12.8738398,53.140737],[12.8738539,53.1302231],[12.8634223,53.1291665],[12.8571658,53.1203533],[12.8520013,53.12185530000001],[12.8496132,53.120168],[12.8439683,53.12247940000001],[12.8460445,53.1300366],[12.8506377,53.1319635],[12.8434376,53.1333542],[12.8372275,53.1228912],[12.829066,53.1230003],[12.822912200000001,53.1161185],[12.80769,53.1134763],[12.8030726,53.1181807],[12.8033016,53.1136935],[12.7861963,53.1090161],[12.7816355,53.102647],[12.7848023,53.09848120000001],[12.7766715,53.0980791],[12.7719663,53.0940329],[12.7511621,53.0996851],[12.7465017,53.0927686],[12.705166800000002,53.1035089],[12.7185843,53.1224471],[12.6514823,53.1164451],[12.6416337,53.1372497],[12.6498434,53.1422697],[12.6540596,53.1600095],[12.6788604,53.1599053],[12.6848385,53.1648416],[12.6744101,53.1684434],[12.677515,53.1801595],[12.6703288,53.1786433],[12.6697516,53.1828361],[12.6805739,53.1861303],[12.6771836,53.1916157],[12.6808357,53.1933747],[12.6636297,53.1953041],[12.6840188,53.210074],[12.6900838,53.2049591],[12.6974502,53.2093781],[12.7079623,53.2033005],[12.7190785,53.2050728],[12.716387700000002,53.1960362],[12.7392262,53.1997659]]]},"properties":{"plz":"16837","note":"16837 Rheinsberg","qkm":121.470622,"einwohner":1730}},{"type":"Feature","geometry":{"type":"Polygon","coordinates":[[[12.1263241,52.8904269],[12.1313304,52.8894646],[12.1340971,52.89227950000001],[12.1895202,52.9020796],[12.1985989,52.8926679],[12.250274300000001,52.895277],[12.2498066,52.8985144],[12.2740494,52.9091789],[12.2834028,52.9051101],[12.2895633,52.9057294],[12.2883327,52.9148381],[12.3198358,52.925928],[12.3346009,52.9227328],[12.3346438,52.9000482],[12.3569369,52.9017281],[12.3848572,52.8997771],[12.388153200000001,52.9078009],[12.4157182,52.9055413],[12.4166902,52.9019062],[12.4266024,52.9001769],[12.4356711,52.8840996],[12.4461403,52.8771038],[12.440303800000002,52.8647235],[12.4492967,52.8660578],[12.457663,52.8747462],[12.4688908,52.8789686],[12.4881573,52.8697529],[12.5016017,52.8684066],[12.4959934,52.8715726],[12.501848,52.8758839],[12.5060902,52.8973739],[12.5238035,52.9018511],[12.5244108,52.9058062],[12.524255800000002,52.9082992],[12.5026012,52.9093249],[12.4930461,52.9151297],[12.4825408,52.9135132],[12.5050596,52.9465032],[12.5353499,52.9358439],[12.5428537,52.9363922],[12.5445016,52.9399291],[12.5603395,52.9376892],[12.5621894,52.9517788],[12.5410729,52.9594314],[12.5456026,52.9617069],[12.5464309,52.9684106],[12.5565203,52.9718377],[12.5734589,52.9759454],[12.5765811,52.9680875],[12.6000169,52.9420232],[12.609881,52.9392585],[12.6226311,52.9241484],[12.636967,52.9151814],[12.6351904,52.9102345],[12.6247265,52.910955300000005],[12.6209179,52.907294],[12.6707854,52.8906872],[12.6983584,52.8878847],[12.7184367,52.8763871],[12.7216108,52.8710815],[12.714568700000001,52.8704486],[12.7147659,52.8650541],[12.707073800000002,52.862206],[12.7046872,52.8362776],[12.6860759,52.8309178],[12.6902863,52.8158538],[12.6699465,52.8019251],[12.6499537,52.80036700000001],[12.6426522,52.8009454],[12.6094675,52.7906072],[12.6021717,52.8008097],[12.5826806,52.80824],[12.5479825,52.8105864],[12.548182,52.8015978],[12.541022700000001,52.8023253],[12.5406922,52.7919839],[12.5336316,52.792853900000004],[12.5329143,52.7853882],[12.5342192,52.7810477],[12.5448816,52.7812727],[12.5512388,52.772532700000006],[12.5406036,52.7659414],[12.5497392,52.76306480000001],[12.5465859,52.7532286],[12.522403600000002,52.7526738],[12.4956356,52.7589488],[12.4919312,52.757667],[12.4875088,52.7607756],[12.480323,52.7578958],[12.4512424,52.7574037],[12.4449464,52.7551069],[12.4240456,52.7568235],[12.4075152,52.7523839],[12.4003692,52.7560494],[12.400976900000002,52.7674861],[12.3953468,52.7716561],[12.3779865,52.7701164],[12.3767316,52.7675761],[12.3743773,52.7700106],[12.3639364,52.7663281],[12.3476711,52.7727548],[12.3441509,52.7713256],[12.3464891,52.7673506],[12.3331915,52.7676525],[12.3178751,52.7753837],[12.3055139,52.7890268],[12.2847822,52.7944672],[12.2696453,52.800891400000005],[12.2615972,52.7985801],[12.2581232,52.7934261],[12.2492747,52.7919134],[12.247760900000001,52.7962194],[12.2558398,52.7985358],[12.2524681,52.8036617],[12.2578968,52.8049145],[12.244165500000001,52.8198612],[12.2372561,52.8392988],[12.2389298,52.84468720000001],[12.2313767,52.8526737],[12.232716300000002,52.8605398],[12.2170811,52.8659696],[12.2145609,52.8615405],[12.2097845,52.86218960000001],[12.1973348,52.8777618],[12.1733097,52.8645678],[12.1263869,52.8531006],[12.1332833,52.8657539],[12.1200586,52.8754442],[12.1229756,52.889169],[12.1263241,52.8904269]]]},"properties":{"plz":"16845","note":"16845 Neustadt (Dosse) u.a.","qkm":477.681048,"einwohner":12736}},{"type":"Feature","geometry":{"type":"Polygon","coordinates":[[[12.1143161,53.0175374],[12.1338597,53.0180003],[12.13869,53.0231968],[12.1468727,53.0206157],[12.1513893,53.0231372],[12.1579628,53.021928800000005],[12.1584885,53.0257134],[12.1877186,53.0207595],[12.1938608,53.0329132],[12.2075259,53.03674240000001],[12.2213032,53.0460916],[12.206651,53.064889],[12.2065048,53.0744915],[12.2465678,53.0791174],[12.2496935,53.0739428],[12.2635516,53.079723400000006],[12.2798471,53.0819678],[12.297843200000003,53.0788002],[12.2892456,53.0622076],[12.2907611,53.0533227],[12.3073672,53.0478944],[12.3166616,53.0385395],[12.3222933,53.039329],[12.3300823,53.0296091],[12.3396029,53.0253407],[12.3414886,53.0192966],[12.3510984,53.0146335],[12.3613165,53.0187771],[12.3608133,53.02295],[12.3486104,53.0286064],[12.359450700000002,53.0312272],[12.3739757,53.0231092],[12.3811865,53.025406],[12.3815053,53.0303914],[12.3865445,53.0334621],[12.3821431,53.03893250000001],[12.3949317,53.0424113],[12.4099839,53.0522187],[12.4186469,53.0418933],[12.418171,53.03265210000001],[12.4237361,53.0343024],[12.4364358,53.0476546],[12.460271,53.04027430000001],[12.4860266,53.0512308],[12.4950539,53.0512682],[12.5008517,53.0569173],[12.5121846,53.0505833],[12.5141523,53.042274],[12.5256514,53.0456971],[12.5369626,53.0358113],[12.5430016,53.0388706],[12.5573387,53.0332478],[12.5542593,53.0222693],[12.5422473,53.0220221],[12.5417413,53.0150233],[12.5304535,53.0089446],[12.5329147,53.0059098],[12.551864000000002,53.000719],[12.550596900000002,52.9916251],[12.5554002,52.980054],[12.5520399,52.97557],[12.5565203,52.9718377],[12.5464309,52.9684106],[12.5456026,52.9617069],[12.5410729,52.9594314],[12.5621894,52.9517788],[12.5603395,52.9376892],[12.5445016,52.9399291],[12.5428537,52.9363922],[12.5353499,52.9358439],[12.5050596,52.9465032],[12.5044101,52.9492983],[12.482416,52.9522575],[12.4731055,52.9563413],[12.4451923,52.9522459],[12.4511736,52.936234400000004],[12.4466664,52.9306097],[12.4554694,52.9225631],[12.4266024,52.9001769],[12.4166902,52.9019062],[12.4157182,52.9055413],[12.388153200000001,52.9078009],[12.3848572,52.8997771],[12.3569369,52.9017281],[12.3346438,52.9000482],[12.3346009,52.9227328],[12.3198358,52.925928],[12.2883327,52.9148381],[12.2895633,52.9057294],[12.2834028,52.9051101],[12.2740494,52.9091789],[12.2498066,52.8985144],[12.250274300000001,52.895277],[12.1985989,52.8926679],[12.1895202,52.9020796],[12.1989689,52.9129982],[12.207506,52.9147753],[12.210234,52.9207951],[12.2055372,52.9295906],[12.1767604,52.9312416],[12.1788554,52.948626000000004],[12.1725468,52.9513423],[12.1557417,52.9529047],[12.151245200000002,52.9499154],[12.1174438,52.9448703],[12.1132574,52.96140460000001],[12.0865884,52.9697161],[12.0830222,52.9779326],[12.0869811,52.9931566],[12.0842522,52.9940525],[12.0905922,53.00143520000001],[12.0703077,53.0115825],[12.056391,53.0086976],[12.054048,53.0116814],[12.055985700000003,53.0242793],[12.0600133,53.0248412],[12.1076863,53.0147994],[12.1143161,53.0175374]]]},"properties":{"plz":"16866","note":"16866 Gumtow, Kyritz u.a.","qkm":409.631667,"einwohner":13406}},{"type":"Feature","geometry":{"type":"Polygon","coordinates":[[[12.4266024,52.9001769],[12.4554694,52.9225631],[12.4466664,52.9306097],[12.4511736,52.936234400000004],[12.4451923,52.9522459],[12.4731055,52.9563413],[12.482416,52.9522575],[12.5044101,52.9492983],[12.5050596,52.9465032],[12.4825408,52.9135132],[12.4930461,52.9151297],[12.5026012,52.9093249],[12.524255800000002,52.9082992],[12.5244108,52.9058062],[12.5238035,52.9018511],[12.5060902,52.8973739],[12.501848,52.8758839],[12.4959934,52.8715726],[12.5016017,52.8684066],[12.4881573,52.8697529],[12.4688908,52.8789686],[12.457663,52.8747462],[12.4492967,52.8660578],[12.440303800000002,52.8647235],[12.4461403,52.8771038],[12.4356711,52.8840996],[12.4266024,52.9001769]]]},"properties":{"plz":"16868","note":"16868 Wusterhausen","qkm":36.173059,"einwohner":3329}},{"type":"Feature","geometry":{"type":"Polygon","coordinates":[[[12.297843200000003,53.0788002],[12.3038256,53.0797701],[12.3112783,53.0879384],[12.3273668,53.08401],[12.3305372,53.102021],[12.341074,53.1033898],[12.3254147,53.109489],[12.3256733,53.1126331],[12.323535000000001,53.1097981],[12.2931463,53.121099400000006],[12.3002238,53.1273839],[12.291341,53.1379467],[12.3017555,53.1433257],[12.3036609,53.1484138],[12.3141352,53.1497725],[12.316528,53.1553349],[12.3306445,53.15967570000001],[12.3320908,53.1631233],[12.3232958,53.1761349],[12.3285739,53.1895852],[12.3082862,53.1932566],[12.301919,53.2020035],[12.2985986,53.2057251],[12.3112614,53.2086368],[12.3424899,53.2333359],[12.3486869,53.2370566],[12.3502618,53.2339049],[12.3558559,53.2370386],[12.348825500000002,53.2451012],[12.3380227,53.2486173],[12.3259302,53.26408750000001],[12.3206495,53.263868],[12.31184,53.2709198],[12.3159233,53.2727467],[12.3164674,53.2873731],[12.3024244,53.3048533],[12.3113842,53.3094025],[12.3195959,53.307533],[12.3238848,53.3122283],[12.319295,53.3182404],[12.322051700000001,53.321574],[12.331458,53.317902],[12.3523264,53.3129702],[12.3615102,53.3071894],[12.3945068,53.301704],[12.3984732,53.29448020000001],[12.3920423,53.2848889],[12.3996192,53.2792206],[12.4100432,53.2795893],[12.4291953,53.2741094],[12.4352492,53.2574923],[12.4459848,53.2498158],[12.4652096,53.2561837],[12.4987684,53.255443],[12.5010909,53.2617413],[12.5297914,53.2646212],[12.5485785,53.2621267],[12.6056451,53.2443351],[12.6279294,53.2547221],[12.6552112,53.2552413],[12.6659826,53.2531696],[12.6677864,53.2481842],[12.673292,53.2493965],[12.6752443,53.2468834],[12.6660638,53.241234],[12.665362,53.2389752],[12.6701123,53.2377924],[12.6647532,53.232399],[12.6831766,53.22635],[12.6913992,53.2264034],[12.716098,53.2245407],[12.7228935,53.2218306],[12.749465300000002,53.2256274],[12.7572711,53.2243616],[12.7505445,53.2074045],[12.7392262,53.1997659],[12.716387700000002,53.1960362],[12.7190785,53.2050728],[12.7079623,53.2033005],[12.6974502,53.2093781],[12.6900838,53.2049591],[12.6840188,53.210074],[12.6636297,53.1953041],[12.6808357,53.1933747],[12.6771836,53.1916157],[12.6805739,53.1861303],[12.6697516,53.1828361],[12.6703288,53.1786433],[12.677515,53.1801595],[12.6744101,53.1684434],[12.6848385,53.1648416],[12.6788604,53.1599053],[12.6540596,53.1600095],[12.6498434,53.1422697],[12.6416337,53.1372497],[12.6514823,53.1164451],[12.7185843,53.1224471],[12.705166800000002,53.1035089],[12.6569607,53.0385797],[12.6425685,53.0425802],[12.6414527,53.0460652],[12.6153998,53.0473171],[12.6083994,53.0263275],[12.5943468,53.0285737],[12.5982231,53.0346289],[12.5937449,53.0353767],[12.579512,53.03282370000001],[12.5573387,53.0332478],[12.5430016,53.0388706],[12.5369626,53.0358113],[12.5256514,53.0456971],[12.5141523,53.042274],[12.5121846,53.0505833],[12.5008517,53.0569173],[12.4950539,53.0512682],[12.4860266,53.0512308],[12.460271,53.04027430000001],[12.4364358,53.0476546],[12.4237361,53.0343024],[12.418171,53.03265210000001],[12.4186469,53.0418933],[12.4099839,53.0522187],[12.3949317,53.0424113],[12.3821431,53.03893250000001],[12.3865445,53.0334621],[12.3815053,53.0303914],[12.3811865,53.025406],[12.3739757,53.0231092],[12.359450700000002,53.0312272],[12.3486104,53.0286064],[12.3608133,53.02295],[12.3613165,53.0187771],[12.3510984,53.0146335],[12.3414886,53.0192966],[12.3396029,53.0253407],[12.3300823,53.0296091],[12.3222933,53.039329],[12.3166616,53.0385395],[12.3073672,53.0478944],[12.2907611,53.0533227],[12.2892456,53.0622076],[12.297843200000003,53.0788002]]]},"properties":{"plz":"16909","note":"16909 Wittstock/Dosse, Heiligengrabe","qkm":628.396628,"einwohner":19607}},{"type":"Feature","geometry":{"type":"Polygon","coordinates":[[[11.8522236,53.1553415],[11.8658219,53.158209],[11.8943161,53.170864],[11.900841700000003,53.1878987],[11.9108331,53.1874302],[11.9145078,53.1819119],[11.9215029,53.181682],[11.930400400000002,53.1770878],[11.937028,53.1798654],[11.942589,53.1790032],[11.946581,53.1828747],[11.9443695,53.1900859],[11.968503900000002,53.18720600000001],[11.9877304,53.1977033],[11.9992999,53.2003699],[12.0097566,53.192302500000004],[12.0222786,53.1904683],[12.0266299,53.1865255],[12.054427200000001,53.1888198],[12.0572151,53.183064],[12.0673354,53.1772425],[12.1320682,53.2138242],[12.1526553,53.2009328],[12.1720368,53.2055764],[12.1904493,53.2189241],[12.192872,53.22327570000001],[12.1744595,53.231252500000004],[12.1720026,53.2381526],[12.197323,53.2730884],[12.210263,53.2693378],[12.223249600000003,53.2690497],[12.2201864,53.2533349],[12.2352699,53.252479900000004],[12.2735477,53.2269017],[12.2597383,53.214427],[12.2782093,53.2052855],[12.2698737,53.1996387],[12.2710645,53.1972609],[12.2847587,53.1972015],[12.301919,53.2020035],[12.3082862,53.1932566],[12.3285739,53.1895852],[12.3232958,53.1761349],[12.3320908,53.1631233],[12.3306445,53.15967570000001],[12.316528,53.1553349],[12.3141352,53.1497725],[12.3036609,53.1484138],[12.3017555,53.1433257],[12.291341,53.1379467],[12.3002238,53.1273839],[12.2931463,53.121099400000006],[12.323535000000001,53.1097981],[12.3256733,53.1126331],[12.3254147,53.109489],[12.341074,53.1033898],[12.3305372,53.102021],[12.3273668,53.08401],[12.3112783,53.0879384],[12.3038256,53.0797701],[12.297843200000003,53.0788002],[12.2798471,53.0819678],[12.2635516,53.079723400000006],[12.2496935,53.0739428],[12.2465678,53.0791174],[12.2065048,53.0744915],[12.206651,53.064889],[12.2213032,53.0460916],[12.2075259,53.03674240000001],[12.1938608,53.0329132],[12.1877186,53.0207595],[12.1584885,53.0257134],[12.1579628,53.021928800000005],[12.1513893,53.0231372],[12.1468727,53.0206157],[12.13869,53.0231968],[12.1338597,53.0180003],[12.1143161,53.0175374],[12.1144358,53.0443424],[12.0820609,53.0515009],[12.0543521,53.0512442],[12.0529264,53.0643127],[12.0491524,53.0658791],[12.0566296,53.07530140000001],[12.0470808,53.0816708],[12.0029592,53.0775913],[11.9984357,53.0800122],[11.982790600000001,53.0796896],[11.9723,53.0751187],[11.9678997,53.0829102],[11.9518266,53.0831845],[11.9517895,53.0884127],[11.9387224,53.0929916],[11.9430283,53.11071890000001],[11.9373605,53.1124645],[11.9327499,53.1104967],[11.9277554,53.1139672],[11.9326499,53.1199846],[11.9309909,53.1247818],[11.9446188,53.1285913],[11.9432354,53.1312055],[11.9290374,53.1316902],[11.9174926,53.1394147],[11.8944274,53.1417017],[11.8895438,53.1365828],[11.8912477,53.1322233],[11.8756667,53.132412],[11.8719305,53.1396877],[11.8543591,53.1439174],[11.8522236,53.1553415]]]},"properties":{"plz":"16928","note":"16928 Pritzwalk, Gro\u00df Pankow","qkm":440.532512,"einwohner":17023}},{"type":"Feature","geometry":{"type":"Polygon","coordinates":[[[12.0615819,53.3711387],[12.077534,53.369266],[12.079668,53.366857],[12.081924,53.346194],[12.106835,53.34353],[12.108434,53.349974],[12.134724,53.348606],[12.139637,53.361395],[12.141279,53.359144],[12.151788,53.36145700000001],[12.156826,53.349601],[12.168702,53.339156],[12.186751,53.343462],[12.184621,53.346978],[12.189266,53.353346],[12.212093,53.352971000000004],[12.229785,53.358135],[12.236312,53.341718],[12.24534,53.333017],[12.259128,53.328041],[12.257194,53.324943],[12.271411,53.324067],[12.2916,53.328976],[12.310356,53.327228],[12.310646000000002,53.323211],[12.322051700000001,53.321574],[12.319295,53.3182404],[12.3238848,53.3122283],[12.3195959,53.307533],[12.3113842,53.3094025],[12.3024244,53.3048533],[12.3164674,53.2873731],[12.3159233,53.2727467],[12.31184,53.2709198],[12.3206495,53.263868],[12.3259302,53.26408750000001],[12.3380227,53.2486173],[12.348825500000002,53.2451012],[12.3558559,53.2370386],[12.3502618,53.2339049],[12.3486869,53.2370566],[12.3424899,53.2333359],[12.3112614,53.2086368],[12.2985986,53.2057251],[12.301919,53.2020035],[12.2847587,53.1972015],[12.2710645,53.1972609],[12.2698737,53.1996387],[12.2782093,53.2052855],[12.2597383,53.214427],[12.2735477,53.2269017],[12.2352699,53.252479900000004],[12.2201864,53.2533349],[12.223249600000003,53.2690497],[12.210263,53.2693378],[12.197323,53.2730884],[12.1720026,53.2381526],[12.1744595,53.231252500000004],[12.192872,53.22327570000001],[12.1904493,53.2189241],[12.1720368,53.2055764],[12.1526553,53.2009328],[12.1320682,53.2138242],[12.1429897,53.2209116],[12.1390204,53.229006],[12.154294,53.237406],[12.145114900000001,53.24534880000001],[12.1390368,53.24638800000001],[12.1470995,53.2608591],[12.1452389,53.2701329],[12.154542,53.27258090000001],[12.1613643,53.2799981],[12.1540459,53.2831871],[12.147843800000002,53.2799981],[12.1389128,53.2826679],[12.1325452,53.2808691],[12.1291914,53.282705],[12.1349434,53.286005],[12.1344472,53.2891194],[12.1194382,53.2900834],[12.1144765,53.2974975],[12.0947538,53.3058739],[12.0829699,53.3170646],[12.022143,53.321397],[12.0140259,53.3342296],[12.0557527,53.3491535],[12.0525163,53.35192740000001],[12.0565115,53.3528113],[12.0545207,53.3562467],[12.0469359,53.3608207],[12.0510329,53.3667077],[12.0450294,53.3707565],[12.0615819,53.3711387]]]},"properties":{"plz":"16945","note":"16945 Meyenburg, K\u00fcmmernitztal u.a.","qkm":188.404434,"einwohner":4027}},{"type":"Feature","geometry":{"type":"Polygon","coordinates":[[[11.918187,53.273499],[11.94502,53.274342],[11.948175,53.271419],[11.965594,53.285226],[11.973662,53.297528],[11.982438,53.298583],[11.997337,53.293724],[12.002497,53.299545],[12.018622,53.299422],[12.023709,53.304355],[12.018916,53.315399],[12.022143,53.321397],[12.0829699,53.3170646],[12.0947538,53.3058739],[12.1144765,53.2974975],[12.1194382,53.2900834],[12.1344472,53.2891194],[12.1349434,53.286005],[12.1291914,53.282705],[12.1325452,53.2808691],[12.1389128,53.2826679],[12.147843800000002,53.2799981],[12.1540459,53.2831871],[12.1613643,53.2799981],[12.154542,53.27258090000001],[12.1452389,53.2701329],[12.1470995,53.2608591],[12.1390368,53.24638800000001],[12.145114900000001,53.24534880000001],[12.154294,53.237406],[12.1390204,53.229006],[12.1429897,53.2209116],[12.1320682,53.2138242],[12.0673354,53.1772425],[12.0572151,53.183064],[12.054427200000001,53.1888198],[12.0266299,53.1865255],[12.0222786,53.1904683],[12.0097566,53.192302500000004],[11.9992999,53.2003699],[11.9899099,53.2075795],[11.9566467,53.2198873],[11.955079,53.22457390000001],[11.9703529,53.2276144],[11.9701106,53.2363154],[11.9412806,53.2521177],[11.9135994,53.261510400000006],[11.9123973,53.2710003],[11.918187,53.273499]]]},"properties":{"plz":"16949","note":"16949 Triglitz, Putlitz","qkm":153.471949,"einwohner":3330}},{"type":"Feature","geometry":{"type":"Polygon","coordinates":[[[11.1703614,53.7903402],[11.1820143,53.7947309],[11.1860923,53.7823636],[11.1910085,53.7789799],[11.213285,53.7701206],[11.2280067,53.77793500000001],[11.239044,53.770412],[11.2458581,53.76998470000001],[11.2478053,53.7638354],[11.2578291,53.76684420000001],[11.2647578,53.7569986],[11.2670603,53.73541170000001],[11.2792099,53.7259321],[11.2797549,53.7169052],[11.270499,53.70995980000001],[11.2697153,53.6986454],[11.2637368,53.6961886],[11.2686796,53.6839052],[11.2466476,53.680636],[11.2355812,53.6908099],[11.222157500000002,53.6931902],[11.2102678,53.6849504],[11.2089609,53.6750996],[11.2159311,53.6691485],[11.2140178,53.6627057],[11.1978477,53.6588154],[11.1707628,53.66344930000001],[11.1617315,53.6600707],[11.1525886,53.6387921],[11.1447532,53.6399441],[11.1084947,53.6307468],[11.1175917,53.6232026],[11.1053432,53.6130703],[11.101973,53.605684],[11.0919544,53.6077616],[11.0831628,53.6055418],[11.0800663,53.6018872],[11.0661865,53.6045618],[11.063444,53.5986714],[11.0427732,53.5989773],[11.0346455,53.5966615],[11.011779,53.6030316],[11.0082825,53.6041725],[11.0119327,53.6198467],[11.0020641,53.6254621],[10.9998893,53.634999],[10.9875922,53.6353119],[10.9798333,53.642903],[10.9731154,53.642316],[10.9690429,53.64664150000001],[10.9477773,53.6430178],[10.9456476,53.6466753],[10.9523116,53.6468933],[10.954731,53.658688],[10.9493538,53.6582721],[10.9486999,53.661461700000004],[10.9451945,53.6591809],[10.9388204,53.6658061],[10.9419718,53.6685489],[10.9398741,53.6731383],[10.9442494,53.6740582],[10.942076500000002,53.6844681],[10.9357465,53.6875697],[10.9288406,53.6864558],[10.9264059,53.6898274],[10.91948,53.6888474],[10.9187501,53.6909762],[10.926057900000002,53.6921931],[10.9225354,53.6994143],[10.9156754,53.6992762],[10.9202444,53.7062169],[10.9560106,53.7057026],[10.9720745,53.7189664],[10.9827661,53.7227469],[10.9834145,53.72735130000001],[11.0043005,53.7296295],[11.0165543,53.7289019],[11.0188539,53.7256572],[11.0303047,53.7252924],[11.0371113,53.722109],[11.0529243,53.7226391],[11.0577158,53.7207262],[11.0574746,53.7115892],[11.0619196,53.7103489],[11.0813521,53.7179594],[11.0740945,53.7320434],[11.088968300000001,53.73892130000001],[11.0947665,53.7494424],[11.1122599,53.7451318],[11.1366442,53.7494118],[11.1370639,53.7539209],[11.1450225,53.7566522],[11.1469546,53.7666431],[11.1572074,53.7694354],[11.1635657,53.7746044],[11.1668633,53.7845037],[11.1717816,53.7868039],[11.1703614,53.7903402]]]},"properties":{"plz":"19205","note":"19205 Gadebusch","qkm":258.653737,"einwohner":11873}},{"type":"Feature","geometry":{"type":"Polygon","coordinates":[[[11.101973,53.605684],[11.1053432,53.6130703],[11.1175917,53.6232026],[11.1084947,53.6307468],[11.1447532,53.6399441],[11.1525886,53.6387921],[11.1617315,53.6600707],[11.1707628,53.66344930000001],[11.1978477,53.6588154],[11.2140178,53.6627057],[11.2281681,53.6643943],[11.2378243,53.6577933],[11.2413855,53.6447278],[11.233107600000002,53.6408558],[11.238531,53.634779],[11.2465799,53.6407186],[11.2517214,53.640669],[11.2580376,53.639433],[11.2645061,53.6329861],[11.2606667,53.6257457],[11.2429781,53.6205309],[11.2427081,53.6163118],[11.2483396,53.6123903],[11.2383928,53.6133859],[11.2296808,53.6105973],[11.2388415,53.6011132],[11.2349481,53.603413],[11.2255275,53.6029468],[11.2152792,53.59861440000001],[11.2064023,53.60119230000001],[11.199933,53.5813982],[11.1693059,53.5705992],[11.159082,53.5707311],[11.1495976,53.5673284],[11.1425038,53.5669706],[11.1409211,53.5696037],[11.1467444,53.5776623],[11.1410422,53.5790561],[11.1485969,53.5863503],[11.1463442,53.589337],[11.1337931,53.5936404],[11.1147141,53.5888369],[11.115297,53.5935483],[11.101973,53.605684]]]},"properties":{"plz":"19209","note":"19209 L\u00fctzow","qkm":65.853823,"einwohner":3098}},{"type":"Feature","geometry":{"type":"Polygon","coordinates":[[[10.7671294,53.7804193],[10.7722135,53.7895098],[10.7895639,53.7858235],[10.7885818,53.7817761],[10.8009949,53.7794491],[10.7997587,53.7864759],[10.8082122,53.7922628],[10.8226986,53.7870443],[10.8481207,53.7903783],[10.8592375,53.7846296],[10.8662536,53.7856595],[10.8672637,53.790694900000005],[10.8757532,53.7926402],[10.897464900000001,53.7839749],[10.9046373,53.78945],[10.9580619,53.7914678],[10.9677255,53.7941862],[10.9792296,53.8079292],[10.9893801,53.8072096],[10.9898528,53.8122067],[11.0115138,53.8050164],[11.0142025,53.8112446],[11.0342074,53.8134013],[11.0306026,53.8203032],[11.0332795,53.823537300000005],[11.0397422,53.8231641],[11.0432748,53.8299635],[11.052564200000003,53.8303398],[11.0572309,53.8379471],[11.065117700000002,53.8396401],[11.0751716,53.8340742],[11.072677600000002,53.8257028],[11.0756397,53.8227044],[11.0674302,53.8099975],[11.0773162,53.8045997],[11.0753772,53.7998465],[11.0936289,53.8006743],[11.1013746,53.8068161],[11.1093112,53.8084602],[11.1267895,53.8041698],[11.1310856,53.7971501],[11.1374735,53.7947498],[11.1305178,53.7848624],[11.1479903,53.7829015],[11.1559571,53.7858007],[11.1560745,53.7902029],[11.1703614,53.7903402],[11.1717816,53.7868039],[11.1668633,53.7845037],[11.1635657,53.7746044],[11.1572074,53.7694354],[11.1469546,53.7666431],[11.1450225,53.7566522],[11.1370639,53.7539209],[11.1366442,53.7494118],[11.1122599,53.7451318],[11.0947665,53.7494424],[11.088968300000001,53.73892130000001],[11.0740945,53.7320434],[11.0813521,53.7179594],[11.0619196,53.7103489],[11.0574746,53.7115892],[11.0577158,53.7207262],[11.0529243,53.7226391],[11.0371113,53.722109],[11.0303047,53.7252924],[11.0188539,53.7256572],[11.0165543,53.7289019],[11.0043005,53.7296295],[10.9834145,53.72735130000001],[10.9827661,53.7227469],[10.9720745,53.7189664],[10.9560106,53.7057026],[10.9202444,53.7062169],[10.9156754,53.6992762],[10.8871298,53.7057543],[10.879543,53.702313700000005],[10.8635715,53.7039574],[10.8514555,53.7001198],[10.8525062,53.7057771],[10.8465269,53.70447630000001],[10.8318394,53.7104695],[10.8248175,53.7111294],[10.8116844,53.71968530000001],[10.8064147,53.7282234],[10.8093463,53.7353817],[10.8042725,53.7399765],[10.7722316,53.7494869],[10.7583417,53.7476467],[10.7565778,53.7588936],[10.7707849,53.7757198],[10.7671294,53.7804193]]]},"properties":{"plz":"19217","note":"19217 Rehna, Carlow u.a.","qkm":215.659195,"einwohner":9228}},{"type":"Feature","geometry":{"type":"Polygon","coordinates":[[[11.0336567,53.419942],[11.049240000000001,53.4167692],[11.0687138,53.4260212],[11.0788382,53.4252838],[11.081278600000001,53.4359787],[11.1120075,53.450425900000006],[11.1247025,53.4536495],[11.1424238,53.4515462],[11.1526094,53.4538771],[11.1566477,53.456600800000004],[11.1493662,53.4626247],[11.1403306,53.4574761],[11.124653,53.4617454],[11.131653000000002,53.46246970000001],[11.1393808,53.4688048],[11.1295556,53.47082850000001],[11.1290827,53.4753962],[11.1209238,53.4779541],[11.1273737,53.4807406],[11.1218674,53.4877632],[11.1360257,53.4916146],[11.1380849,53.4896616],[11.153305000000001,53.4925362],[11.1739558,53.4923081],[11.168283300000002,53.5072172],[11.1819648,53.5125189],[11.1823811,53.5235438],[11.209645,53.52531160000001],[11.2231432,53.5279641],[11.233443,53.5252941],[11.2339732,53.5224676],[11.2573023,53.5217274],[11.2612823,53.5196231],[11.2855186,53.5267961],[11.2956292,53.520207],[11.3125301,53.5199399],[11.3166683,53.5171093],[11.3278222,53.5213056],[11.3386195,53.5138468],[11.3509133,53.514113],[11.355243,53.5123332],[11.3559433,53.4968475],[11.3620758,53.496046500000006],[11.3634805,53.4917819],[11.3672963,53.4910242],[11.369016100000001,53.49407720000001],[11.3823228,53.4982216],[11.3846663,53.4956231],[11.394801,53.4973101],[11.3990993,53.4921709],[11.4038182,53.492302800000004],[11.4013103,53.4861915],[11.4066451,53.4825778],[11.3880122,53.483997],[11.3895039,53.4822469],[11.3712127,53.4723867],[11.3748851,53.4671336],[11.363090700000003,53.4671628],[11.3562956,53.4579173],[11.3398976,53.4570642],[11.3197754,53.4367411],[11.3342893,53.4387251],[11.3397954,53.4352136],[11.3230691,53.4294416],[11.3182266,53.42111860000001],[11.3512429,53.4120788],[11.3724497,53.419282],[11.3748376,53.4163542],[11.3918558,53.4121977],[11.4023415,53.419629],[11.4139641,53.4108663],[11.4074913,53.4060863],[11.4175317,53.4095655],[11.4218089,53.4063686],[11.4300687,53.4059147],[11.435495,53.39245590000001],[11.4272449,53.3885037],[11.4271275,53.3802332],[11.4181286,53.3809695],[11.4187647,53.3773645],[11.4235361,53.3761399],[11.385533800000001,53.3682165],[11.3865325,53.3522019],[11.3818101,53.3454205],[11.371615100000001,53.3466131],[11.356382,53.3334829],[11.3349836,53.3367946],[11.3208441,53.3443822],[11.3078888,53.3443371],[11.3017203,53.339611],[11.3036715,53.33769],[11.2831511,53.3337319],[11.2713227,53.3200009],[11.2699,53.3122835],[11.2353616,53.3124551],[11.227659800000001,53.3055197],[11.2211425,53.2893057],[11.2126472,53.2903897],[11.1729986,53.2951027],[11.1594946,53.2968153],[11.1529868,53.3056915],[11.1356569,53.3090422],[11.1528868,53.3121696],[11.1687896,53.3100578],[11.170602200000001,53.3189929],[11.1656597,53.3187882],[11.1650105,53.32213990000001],[11.1695152,53.3224771],[11.1676919,53.3362521],[11.1619246,53.3367608],[11.1728101,53.3430153],[11.1690587,53.353100000000005],[11.1638987,53.355993],[11.1602876,53.3553863],[11.1627086,53.3531953],[11.148057,53.3558341],[11.1451469,53.3602583],[11.1363675,53.3603413],[11.1437268,53.3565913],[11.1433261,53.3496181],[11.138472,53.349524300000006],[11.1391298,53.3574981],[11.1260075,53.3595624],[11.1221425,53.3567893],[11.128814,53.346487],[11.1082427,53.3430806],[11.0993462,53.3441234],[11.0977036,53.3476166],[11.0888716,53.3461666],[11.0771128,53.3489846],[11.047625800000002,53.3457996],[11.0393393,53.3538588],[11.0481206,53.3675381],[11.0419893,53.37759710000001],[11.035362,53.3797981],[11.0398027,53.3885031],[11.0348041,53.3919305],[11.0421855,53.3962041],[11.0402319,53.4016778],[11.0619564,53.4088273],[11.059561600000002,53.4113353],[11.0516186,53.4097163],[11.0501548,53.4119238],[11.0340211,53.4089309],[11.0261435,53.4193723],[11.0336567,53.419942]]]},"properties":{"plz":"19230","note":"19230 Hagenow u.a.","qkm":407.417162,"einwohner":20198}},{"type":"Feature","geometry":{"type":"Polygon","coordinates":[[[10.9738738,53.4828611],[10.9814659,53.4983899],[10.9810911,53.508648],[10.9740675,53.5182347],[10.981838300000001,53.5255164],[10.9891375,53.5248503],[11.0017438,53.5303689],[11.0032448,53.5396298],[11.0080915,53.5404409],[11.0050999,53.54623560000001],[11.0114513,53.5467239],[11.0121209,53.5496003],[11.008504400000001,53.5629179],[11.023007000000002,53.5755716],[11.0150287,53.5839071],[11.0169788,53.58982000000001],[11.0119395,53.5939973],[11.011779,53.6030316],[11.0346455,53.5966615],[11.0427732,53.5989773],[11.063444,53.5986714],[11.0661865,53.6045618],[11.0800663,53.6018872],[11.0831628,53.6055418],[11.0919544,53.6077616],[11.101973,53.605684],[11.115297,53.5935483],[11.1147141,53.5888369],[11.1337931,53.5936404],[11.1463442,53.589337],[11.1485969,53.5863503],[11.1410422,53.5790561],[11.1467444,53.5776623],[11.1409211,53.5696037],[11.1425038,53.5669706],[11.1495976,53.5673284],[11.178932,53.5602284],[11.1997411,53.5642531],[11.1996637,53.560838800000006],[11.2168499,53.5529111],[11.207709000000001,53.5499023],[11.2066011,53.5448215],[11.1997872,53.5418917],[11.2097748,53.5361105],[11.209645,53.52531160000001],[11.1823811,53.5235438],[11.1819648,53.5125189],[11.168283300000002,53.5072172],[11.1739558,53.4923081],[11.153305000000001,53.4925362],[11.1380849,53.4896616],[11.1360257,53.4916146],[11.1218674,53.4877632],[11.1273737,53.4807406],[11.1209238,53.4779541],[11.1290827,53.4753962],[11.1295556,53.47082850000001],[11.1393808,53.4688048],[11.131653000000002,53.46246970000001],[11.124653,53.4617454],[11.1403306,53.4574761],[11.1493662,53.4626247],[11.1566477,53.456600800000004],[11.1526094,53.4538771],[11.1424238,53.4515462],[11.1247025,53.4536495],[11.1120075,53.450425900000006],[11.081278600000001,53.4359787],[11.0788382,53.4252838],[11.0687138,53.4260212],[11.049240000000001,53.4167692],[11.0336567,53.419942],[11.041030600000001,53.4241522],[11.037974,53.4286816],[11.013518800000002,53.4261905],[11.0093371,53.42820090000001],[11.009103,53.4447833],[11.0099588,53.44713410000001],[11.0377238,53.453658],[11.0374414,53.4581883],[11.010203,53.4625927],[11.0140845,53.4708801],[10.9978364,53.4732691],[10.9941242,53.4802679],[10.9738738,53.4828611]]]},"properties":{"plz":"19243","note":"19243 Wittenburg u.a.","qkm":193.679945,"einwohner":9268}},{"type":"Feature","geometry":{"type":"Polygon","coordinates":[[[10.8224501,53.5731089],[10.8268722,53.5762316],[10.8391337,53.57571570000001],[10.8505955,53.5650759],[10.8622794,53.564544700000006],[10.8962368,53.5728081],[10.9112457,53.5720358],[10.924223,53.5850301],[10.9177818,53.5993355],[10.922552,53.6023642],[10.9296424,53.6286053],[10.9477773,53.6430178],[10.9690429,53.64664150000001],[10.9731154,53.642316],[10.9798333,53.642903],[10.9875922,53.6353119],[10.9998893,53.634999],[11.0020641,53.6254621],[11.0119327,53.6198467],[11.0082825,53.6041725],[11.011779,53.6030316],[11.0119395,53.5939973],[11.0169788,53.58982000000001],[11.0150287,53.5839071],[11.023007000000002,53.5755716],[11.008504400000001,53.5629179],[11.0121209,53.5496003],[11.0114513,53.5467239],[11.0050999,53.54623560000001],[11.0080915,53.5404409],[11.0032448,53.5396298],[11.0017438,53.5303689],[10.9891375,53.5248503],[10.981838300000001,53.5255164],[10.9740675,53.5182347],[10.9810911,53.508648],[10.9814659,53.4983899],[10.9738738,53.4828611],[10.945201,53.478091400000004],[10.940766500000002,53.4632582],[10.9137012,53.4550287],[10.908165100000002,53.461953300000005],[10.9196163,53.4684442],[10.922168900000003,53.47652620000001],[10.9015497,53.4748714],[10.9105174,53.4756578],[10.9106643,53.4798956],[10.9183921,53.4861302],[10.916245000000002,53.488147],[10.9093425,53.486078],[10.9045306,53.492430000000006],[10.894228,53.4920296],[10.895309000000001,53.4936012],[10.8713109,53.503002200000005],[10.8640601,53.5030517],[10.8534836,53.5088153],[10.8265571,53.5081145],[10.824018700000002,53.5138404],[10.8244617,53.5176632],[10.8134133,53.52095870000001],[10.821556,53.5236595],[10.8186393,53.5335963],[10.8322101,53.5423174],[10.824794,53.5558709],[10.8272194,53.5669336],[10.8224501,53.5731089]]]},"properties":{"plz":"19246","note":"19246 Zarrentin","qkm":147.040202,"einwohner":6256}},{"type":"Feature","geometry":{"type":"Polygon","coordinates":[[[11.0000829,53.3507686],[11.0045081,53.345718],[11.0132177,53.3451136],[11.0146977,53.3426462],[11.0386322,53.3433882],[11.037426,53.3383444],[11.0408522,53.3362968],[11.047625800000002,53.3457996],[11.0771128,53.3489846],[11.0888716,53.3461666],[11.0977036,53.3476166],[11.0993462,53.3441234],[11.1082427,53.3430806],[11.128814,53.346487],[11.1221425,53.3567893],[11.1260075,53.3595624],[11.1391298,53.3574981],[11.138472,53.349524300000006],[11.1433261,53.3496181],[11.1437268,53.3565913],[11.1363675,53.3603413],[11.1451469,53.3602583],[11.148057,53.3558341],[11.1627086,53.3531953],[11.1602876,53.3553863],[11.1638987,53.355993],[11.1690587,53.353100000000005],[11.1728101,53.3430153],[11.1619246,53.3367608],[11.1676919,53.3362521],[11.1695152,53.3224771],[11.1650105,53.32213990000001],[11.1656597,53.3187882],[11.170602200000001,53.3189929],[11.1687896,53.3100578],[11.1528868,53.3121696],[11.1356569,53.3090422],[11.1529868,53.3056915],[11.1594946,53.2968153],[11.1729986,53.2951027],[11.1667462,53.2759189],[11.1428759,53.2692619],[11.1461446,53.2599193],[11.1417008,53.2531441],[11.149544,53.2432701],[11.1456973,53.2386961],[11.1241499,53.2393397],[11.1174293,53.2360901],[11.1091307,53.2376727],[11.1060941,53.2447507],[11.0967607,53.2398398],[11.1047217,53.23850480000001],[11.1039785,53.23408680000001],[11.1001002,53.2337493],[11.1039001,53.2312082],[11.0920068,53.2191098],[11.0853613,53.2183654],[11.0611285,53.2350433],[11.0557161,53.2460481],[11.0381406,53.2615822],[11.0297737,53.2769928],[11.0216756,53.2810444],[11.0094593,53.2815253],[11.0080721,53.29140120000001],[11.0029294,53.2946422],[11.009381500000002,53.30026070000001],[11.0023184,53.3054776],[11.0045902,53.3089808],[10.998702300000001,53.3155669],[10.9990805,53.3208466],[10.982715700000002,53.3273556],[10.9959587,53.3442949],[10.9929837,53.349194],[11.0000829,53.3507686]]]},"properties":{"plz":"19249","note":"19249 L\u00fcbtheen","qkm":120.708929,"einwohner":4611}},{"type":"Feature","geometry":{"type":"Polygon","coordinates":[[[10.6276725,53.4450018],[10.6322142,53.4549504],[10.6421431,53.455756],[10.6518107,53.4613492],[10.6930282,53.4548915],[10.7019504,53.4783179],[10.7210415,53.4759753],[10.7270179,53.4811534],[10.7314686,53.4794313],[10.7558889,53.4833346],[10.7655113,53.4911968],[10.7774504,53.4950374],[10.7845925,53.507809400000006],[10.7866637,53.5103958],[10.8107688,53.5161822],[10.824018700000002,53.5138404],[10.8265571,53.5081145],[10.8534836,53.5088153],[10.8640601,53.5030517],[10.8713109,53.503002200000005],[10.895309000000001,53.4936012],[10.894228,53.4920296],[10.9045306,53.492430000000006],[10.9093425,53.486078],[10.916245000000002,53.488147],[10.9183921,53.4861302],[10.9106643,53.4798956],[10.9105174,53.4756578],[10.9015497,53.4748714],[10.873443,53.4756617],[10.8452318,53.4492587],[10.8616406,53.4482211],[10.8704095,53.4341253],[10.8774745,53.4335379],[10.8797957,53.4367118],[10.8894067,53.4348883],[10.8914039,53.436853],[10.9100282,53.4340185],[10.8945442,53.4231653],[10.8782881,53.42382150000001],[10.8802439,53.416249],[10.8750779,53.4062199],[10.8802619,53.4022257],[10.8679891,53.3953823],[10.8550466,53.377862],[10.8703096,53.3764585],[10.8781545,53.372016],[10.8751444,53.3692073],[10.8779995,53.3630009],[10.8956619,53.364891],[10.9108929,53.3592071],[10.9102819,53.3538171],[10.9184173,53.3479039],[10.9122407,53.3393931],[10.9000069,53.3341452],[10.8951796,53.336422],[10.8906323,53.3342822],[10.8800525,53.3356639],[10.8815494,53.3305377],[10.889331,53.3267733],[10.8816489,53.3228344],[10.8618429,53.3275237],[10.8565718,53.3344018],[10.8338936,53.3439084],[10.8156142,53.3472769],[10.8257811,53.3592983],[10.8161598,53.3603391],[10.815115700000002,53.3642496],[10.798717600000002,53.3616434],[10.7951341,53.3645628],[10.7822796,53.3658641],[10.7742451,53.356866800000006],[10.780871,53.3512439],[10.7774921,53.3494316],[10.7654534,53.3507938],[10.7633961,53.3387973],[10.737847200000001,53.3415235],[10.72566,53.3587663],[10.701364,53.3699148],[10.6756071,53.3673776],[10.6484743,53.3687218],[10.6401897,53.37142260000001],[10.6199398,53.3709075],[10.6058611,53.3688667],[10.5951256,53.3638918],[10.5991362,53.377682],[10.6168026,53.3843925],[10.621176,53.3984558],[10.6183735,53.3993851],[10.6211928,53.4042957],[10.6164578,53.4052315],[10.6179561,53.425103400000005],[10.6224824,53.4256144],[10.6239974,53.4387483],[10.6293951,53.4409301],[10.625577,53.4416035],[10.6276725,53.4450018]]]},"properties":{"plz":"19258","note":"19258 Boizenburg, Gresse, Greven u.a.","qkm":255.558759,"einwohner":15985}},{"type":"Feature","geometry":{"type":"Polygon","coordinates":[[[10.9015497,53.4748714],[10.922168900000003,53.47652620000001],[10.9196163,53.4684442],[10.908165100000002,53.461953300000005],[10.9137012,53.4550287],[10.940766500000002,53.4632582],[10.945201,53.478091400000004],[10.9738738,53.4828611],[10.9941242,53.4802679],[10.9978364,53.4732691],[11.0140845,53.4708801],[11.010203,53.4625927],[11.0374414,53.4581883],[11.0377238,53.453658],[11.0099588,53.44713410000001],[11.009103,53.4447833],[11.0093371,53.42820090000001],[11.013518800000002,53.4261905],[11.037974,53.4286816],[11.041030600000001,53.4241522],[11.0336567,53.419942],[11.0261435,53.4193723],[11.0340211,53.4089309],[11.0501548,53.4119238],[11.0516186,53.4097163],[11.059561600000002,53.4113353],[11.0619564,53.4088273],[11.0402319,53.4016778],[11.0421855,53.3962041],[11.0348041,53.3919305],[11.0398027,53.3885031],[11.035362,53.3797981],[11.0419893,53.37759710000001],[11.0481206,53.3675381],[11.0393393,53.3538588],[11.047625800000002,53.3457996],[11.0408522,53.3362968],[11.037426,53.3383444],[11.0386322,53.3433882],[11.0146977,53.3426462],[11.0132177,53.3451136],[11.0045081,53.345718],[11.0000829,53.3507686],[11.032743,53.3558967],[11.0256763,53.3869552],[11.0021846,53.3821362],[10.9832804,53.3845168],[10.9632604,53.382149],[10.9639899,53.3777972],[10.9597623,53.3798041],[10.9541098,53.3775629],[10.9429393,53.3660989],[10.9309413,53.3619644],[10.9267229,53.3479755],[10.9184173,53.3479039],[10.9102819,53.3538171],[10.9108929,53.3592071],[10.8956619,53.364891],[10.8779995,53.3630009],[10.8751444,53.3692073],[10.8781545,53.372016],[10.8703096,53.3764585],[10.8550466,53.377862],[10.8679891,53.3953823],[10.8802619,53.4022257],[10.8750779,53.4062199],[10.8802439,53.416249],[10.8782881,53.42382150000001],[10.8945442,53.4231653],[10.9100282,53.4340185],[10.8914039,53.436853],[10.8894067,53.4348883],[10.8797957,53.4367118],[10.8774745,53.4335379],[10.8704095,53.4341253],[10.8616406,53.4482211],[10.8452318,53.4492587],[10.873443,53.4756617],[10.9015497,53.4748714]]]},"properties":{"plz":"19260","note":"19260 Vellahn","qkm":124.321881,"einwohner":2922}},{"type":"Feature","geometry":{"type":"Polygon","coordinates":[[[10.737847200000001,53.3415235],[10.7633961,53.3387973],[10.7654534,53.3507938],[10.7774921,53.3494316],[10.780871,53.3512439],[10.7742451,53.356866800000006],[10.7822796,53.3658641],[10.7951341,53.3645628],[10.798717600000002,53.3616434],[10.815115700000002,53.3642496],[10.8161598,53.3603391],[10.8257811,53.3592983],[10.8156142,53.3472769],[10.8338936,53.3439084],[10.8565718,53.3344018],[10.8618429,53.3275237],[10.8816489,53.3228344],[10.889331,53.3267733],[10.8815494,53.3305377],[10.8800525,53.3356639],[10.8906323,53.3342822],[10.8951796,53.336422],[10.9000069,53.3341452],[10.9122407,53.3393931],[10.9184173,53.3479039],[10.9267229,53.3479755],[10.9309413,53.3619644],[10.9429393,53.3660989],[10.9541098,53.3775629],[10.9597623,53.3798041],[10.9639899,53.3777972],[10.9632604,53.382149],[10.9832804,53.3845168],[11.0021846,53.3821362],[11.0256763,53.3869552],[11.032743,53.3558967],[11.0000829,53.3507686],[10.9929837,53.349194],[10.9959587,53.3442949],[10.982715700000002,53.3273556],[10.9990805,53.3208466],[10.998702300000001,53.3155669],[11.0045902,53.3089808],[11.0023184,53.3054776],[11.009381500000002,53.30026070000001],[11.0029294,53.2946422],[11.0080721,53.29140120000001],[11.0094593,53.2815253],[11.0216756,53.2810444],[11.0297737,53.2769928],[11.0381406,53.2615822],[11.0557161,53.2460481],[11.0611285,53.2350433],[11.0853613,53.2183654],[11.090634,53.2138075],[11.1158985,53.2044184],[11.1390358,53.2023999],[11.1371809,53.1992616],[11.1449365,53.1977134],[11.1369453,53.1920402],[11.1800145,53.1868538],[11.1924207,53.1822189],[11.1957671,53.1765376],[11.1900869,53.16658820000001],[11.1802907,53.1588618],[11.1718339,53.1566567],[11.1564068,53.165691],[11.1424339,53.1685327],[11.130988,53.1659835],[11.1205774,53.15779],[11.1032415,53.142368],[11.0846813,53.1401843],[11.0297955,53.1674888],[11.011484,53.1828269],[10.9716825,53.1980461],[10.9352004,53.2148678],[10.917611,53.2271476],[10.8910613,53.2356365],[10.8620127,53.2499047],[10.8511381,53.2542012],[10.8210888,53.2583614],[10.814079,53.2634276],[10.8113111,53.277959],[10.7960876,53.287416],[10.747957,53.2954122],[10.7359464,53.3003456],[10.730503800000001,53.311712],[10.7406751,53.32586810000001],[10.737847200000001,53.3415235]]]},"properties":{"plz":"19273","note":"19273 Amt Neuhaus, Stapel","qkm":307.123558,"einwohner":6930}},{"type":"Feature","geometry":{"type":"Polygon","coordinates":[[[11.2126472,53.2903897],[11.2211425,53.2893057],[11.227659800000001,53.3055197],[11.2353616,53.3124551],[11.2699,53.3122835],[11.2713227,53.3200009],[11.2831511,53.3337319],[11.3036715,53.33769],[11.3017203,53.339611],[11.3078888,53.3443371],[11.3208441,53.3443822],[11.3349836,53.3367946],[11.356382,53.3334829],[11.371615100000001,53.3466131],[11.3818101,53.3454205],[11.3865325,53.3522019],[11.385533800000001,53.3682165],[11.4235361,53.3761399],[11.4187647,53.3773645],[11.4181286,53.3809695],[11.4271275,53.3802332],[11.4272449,53.3885037],[11.435495,53.39245590000001],[11.4300687,53.4059147],[11.4218089,53.4063686],[11.4175317,53.4095655],[11.4074913,53.4060863],[11.4139641,53.4108663],[11.4216591,53.4194078],[11.4179879,53.4211749],[11.4340751,53.4309514],[11.4528125,53.4329303],[11.4746537,53.4255436],[11.4910649,53.4245657],[11.4870822,53.434766800000006],[11.5090605,53.4324935],[11.5121914,53.4311965],[11.5233139,53.435015],[11.5265986,53.4256268],[11.5359694,53.4220027],[11.5383447,53.4167575],[11.531535600000002,53.4161242],[11.5366545,53.4094024],[11.5237679,53.4048019],[11.5326226,53.4005233],[11.5295682,53.3947974],[11.5375946,53.3933239],[11.521934,53.3857581],[11.5001386,53.3848701],[11.4962822,53.3822582],[11.5015913,53.375956],[11.5195869,53.36767410000001],[11.5163149,53.3597844],[11.564764,53.3522023],[11.597119,53.342048],[11.6072323,53.34514],[11.611338,53.3439019],[11.6108377,53.3345077],[11.6173558,53.318967],[11.6088351,53.311015],[11.6049876,53.309401],[11.6027569,53.3115653],[11.6022658,53.3063195],[11.597904,53.3054768],[11.5783759,53.3277808],[11.5663409,53.329998],[11.5433763,53.3154338],[11.526066700000001,53.2881235],[11.5133361,53.294379],[11.5020283,53.2925952],[11.4951813,53.29413400000001],[11.4959491,53.2973626],[11.4874339,53.298777],[11.4675408,53.2965321],[11.4463502,53.300993],[11.4233455,53.3007665],[11.4225505,53.2968372],[11.4063537,53.2848328],[11.4441349,53.2759008],[11.432150400000001,53.2712257],[11.4139336,53.27606500000001],[11.3913003,53.2649931],[11.3957655,53.26352610000001],[11.3937013,53.2609876],[11.3472225,53.2587121],[11.3259223,53.2624345],[11.3290234,53.26411160000001],[11.3255701,53.2695362],[11.3187255,53.2719202],[11.3112842,53.2678375],[11.2934267,53.2663358],[11.2809899,53.2600515],[11.269293,53.261449],[11.2669988,53.259477000000004],[11.263881,53.2585509],[11.2614429,53.2615448],[11.2455973,53.2655771],[11.242098,53.260957],[11.2207996,53.2635201],[11.2126472,53.2903897]]]},"properties":{"plz":"19288","note":"19288 Ludwigslust","qkm":232.027977,"einwohner":16334}},{"type":"Feature","geometry":{"type":"Polygon","coordinates":[[[11.2669988,53.259477000000004],[11.269293,53.261449],[11.2809899,53.2600515],[11.2934267,53.2663358],[11.3112842,53.2678375],[11.3187255,53.2719202],[11.3255701,53.2695362],[11.3290234,53.26411160000001],[11.3259223,53.2624345],[11.3472225,53.2587121],[11.3937013,53.2609876],[11.3957655,53.26352610000001],[11.3913003,53.2649931],[11.4139336,53.27606500000001],[11.432150400000001,53.2712257],[11.4441349,53.2759008],[11.4063537,53.2848328],[11.4225505,53.2968372],[11.4233455,53.3007665],[11.4463502,53.300993],[11.4675408,53.2965321],[11.4874339,53.298777],[11.4959491,53.2973626],[11.4951813,53.29413400000001],[11.5020283,53.2925952],[11.5133361,53.294379],[11.526066700000001,53.2881235],[11.5203878,53.2792927],[11.502465500000001,53.268673],[11.5019175,53.25574],[11.4943024,53.2522723],[11.4985245,53.2441124],[11.484517600000002,53.240866],[11.4862322,53.2379201],[11.5040429,53.24184220000001],[11.5124802,53.23867980000001],[11.5213693,53.2400073],[11.5215648,53.2370394],[11.5304845,53.2344987],[11.5354468,53.229495400000005],[11.5543018,53.2341843],[11.5517135,53.2225133],[11.564288700000002,53.21567000000001],[11.5491717,53.210527],[11.543871700000002,53.2131355],[11.5314,53.2093887],[11.5226352,53.2129093],[11.4981193,53.2075393],[11.4990329,53.2045726],[11.4883398,53.2085805],[11.478354700000002,53.1976764],[11.4866439,53.192937],[11.5013614,53.191197],[11.4991137,53.1823234],[11.5038768,53.1813673],[11.503539,53.177418200000005],[11.4651275,53.1780271],[11.4573596,53.1714198],[11.4457604,53.1687762],[11.4358884,53.1519719],[11.4214666,53.14104530000001],[11.4129188,53.1367978],[11.3954171,53.1401786],[11.392671000000002,53.1339826],[11.382337,53.1394801],[11.3813904,53.13561060000001],[11.3467069,53.1409688],[11.3419302,53.1447392],[11.3359889,53.1416472],[11.3034654,53.147417100000006],[11.283883400000002,53.1663783],[11.2720074,53.1683876],[11.2784287,53.1769667],[11.2623001,53.1813432],[11.2467079,53.1907801],[11.2310899,53.1926251],[11.2311047,53.1872382],[11.216263,53.1906382],[11.2197373,53.19206440000001],[11.2199462,53.2044196],[11.2241752,53.20422],[11.2229841,53.2082304],[11.2172391,53.2092547],[11.2195367,53.213162600000004],[11.2296032,53.2173865],[11.2307922,53.2263131],[11.2483672,53.2328853],[11.2532674,53.2444241],[11.2629764,53.2480605],[11.2669988,53.259477000000004]]]},"properties":{"plz":"19294","note":"19294 Neu Kali\u00df","qkm":238.810645,"einwohner":7228}},{"type":"Feature","geometry":{"type":"Polygon","coordinates":[[[11.526066700000001,53.2881235],[11.5433763,53.3154338],[11.5663409,53.329998],[11.5783759,53.3277808],[11.597904,53.3054768],[11.6022658,53.3063195],[11.6027569,53.3115653],[11.6049876,53.309401],[11.6088351,53.311015],[11.6173558,53.318967],[11.6108377,53.3345077],[11.6150494,53.3305502],[11.6405272,53.3278289],[11.6829323,53.3283363],[11.6849599,53.3342416],[11.6942756,53.334295],[11.6937159,53.34140060000001],[11.704547,53.336743],[11.716474,53.31065],[11.738839,53.307393000000005],[11.749192,53.311476],[11.762558,53.310671],[11.775656,53.304817],[11.775418000000002,53.299213],[11.781818,53.29941900000001],[11.78271,53.296318],[11.790872,53.294888],[11.780779000000003,53.292366],[11.7735069,53.2782056],[11.7678054,53.2750278],[11.7417563,53.2602089],[11.735525,53.2498567],[11.7244532,53.2448887],[11.7223909,53.2370452],[11.7147959,53.2319483],[11.7070834,53.2339706],[11.7084438,53.2374499],[11.6996074,53.24409140000001],[11.6908857,53.24151570000001],[11.6619372,53.2439882],[11.6587888,53.2402956],[11.6398577,53.2384917],[11.6290093,53.2419972],[11.618961,53.236797700000004],[11.6165363,53.2302648],[11.6047714,53.2279396],[11.5866894,53.2146],[11.576497,53.2119062],[11.5632371,53.21294],[11.5509481,53.2082295],[11.5591849,53.2022552],[11.5564636,53.1851268],[11.567015,53.1824187],[11.562241900000002,53.1759342],[11.569237,53.1661033],[11.557671200000001,53.15642750000001],[11.5566724,53.1504334],[11.5501748,53.1512588],[11.5558495,53.1387783],[11.5468299,53.13472010000001],[11.5486346,53.1307084],[11.5364255,53.1292676],[11.5346403,53.1252177],[11.5094481,53.1254459],[11.5025587,53.1210465],[11.5004543,53.1264991],[11.4841315,53.1291134],[11.473480500000003,53.1267773],[11.4736404,53.13454],[11.4598562,53.14024580000001],[11.4377122,53.1366894],[11.4214666,53.14104530000001],[11.4358884,53.1519719],[11.4457604,53.1687762],[11.4573596,53.1714198],[11.4651275,53.1780271],[11.503539,53.177418200000005],[11.5038768,53.1813673],[11.4991137,53.1823234],[11.5013614,53.191197],[11.4866439,53.192937],[11.478354700000002,53.1976764],[11.4883398,53.2085805],[11.4990329,53.2045726],[11.4981193,53.2075393],[11.5226352,53.2129093],[11.5314,53.2093887],[11.543871700000002,53.2131355],[11.5491717,53.210527],[11.564288700000002,53.21567000000001],[11.5517135,53.2225133],[11.5543018,53.2341843],[11.5354468,53.229495400000005],[11.5304845,53.2344987],[11.5215648,53.2370394],[11.5213693,53.2400073],[11.5124802,53.23867980000001],[11.5040429,53.24184220000001],[11.4862322,53.2379201],[11.484517600000002,53.240866],[11.4985245,53.2441124],[11.4943024,53.2522723],[11.5019175,53.25574],[11.502465500000001,53.268673],[11.5203878,53.2792927],[11.526066700000001,53.2881235]]]},"properties":{"plz":"19300","note":"19300 Grabow u.a.","qkm":216.944876,"einwohner":8714}},{"type":"Feature","geometry":{"type":"Polygon","coordinates":[[[11.0853613,53.2183654],[11.0920068,53.2191098],[11.1039001,53.2312082],[11.1001002,53.2337493],[11.1039785,53.23408680000001],[11.1047217,53.23850480000001],[11.0967607,53.2398398],[11.1060941,53.2447507],[11.1091307,53.2376727],[11.1174293,53.2360901],[11.1241499,53.2393397],[11.1456973,53.2386961],[11.149544,53.2432701],[11.1417008,53.2531441],[11.1461446,53.2599193],[11.1428759,53.2692619],[11.1667462,53.2759189],[11.1729986,53.2951027],[11.2126472,53.2903897],[11.2207996,53.2635201],[11.242098,53.260957],[11.2455973,53.2655771],[11.2614429,53.2615448],[11.263881,53.2585509],[11.2669988,53.259477000000004],[11.2629764,53.2480605],[11.2532674,53.2444241],[11.2483672,53.2328853],[11.2307922,53.2263131],[11.2296032,53.2173865],[11.2195367,53.213162600000004],[11.2172391,53.2092547],[11.2229841,53.2082304],[11.2241752,53.20422],[11.2199462,53.2044196],[11.2197373,53.19206440000001],[11.216263,53.1906382],[11.2311047,53.1872382],[11.2310899,53.1926251],[11.2467079,53.1907801],[11.2623001,53.1813432],[11.2784287,53.1769667],[11.2720074,53.1683876],[11.283883400000002,53.1663783],[11.3034654,53.147417100000006],[11.3359889,53.1416472],[11.3419302,53.1447392],[11.3467069,53.1409688],[11.3813904,53.13561060000001],[11.382337,53.1394801],[11.392671000000002,53.1339826],[11.392723,53.1279795],[11.4023177,53.11459],[11.3937112,53.1098405],[11.3917344,53.1119463],[11.375085,53.1121561],[11.3640776,53.1154177],[11.3460175,53.1121639],[11.3302567,53.1152909],[11.3320639,53.1168493],[11.3238881,53.1193025],[11.3098911,53.1158844],[11.2904028,53.1169138],[11.283199,53.1214611],[11.2662278,53.12204880000001],[11.239384,53.139921],[11.2147162,53.144496600000004],[11.1970767,53.1362428],[11.1888542,53.1347587],[11.183375,53.136659],[11.1718339,53.1566567],[11.1802907,53.1588618],[11.1900869,53.16658820000001],[11.1957671,53.1765376],[11.1924207,53.1822189],[11.1800145,53.1868538],[11.1369453,53.1920402],[11.1449365,53.1977134],[11.1371809,53.1992616],[11.1390358,53.2023999],[11.1158985,53.2044184],[11.090634,53.2138075],[11.0853613,53.2183654]]]},"properties":{"plz":"19303","note":"19303 D\u00f6mitz","qkm":138.242812,"einwohner":4494}},{"type":"Feature","geometry":{"type":"Polygon","coordinates":[[[11.5090605,53.4324935],[11.51753,53.435163],[11.510793400000003,53.446899],[11.546473,53.446717],[11.555979,53.458584],[11.548213,53.467214000000006],[11.544299,53.467131],[11.55353,53.476501],[11.55698,53.475618],[11.578031,53.485726],[11.607745,53.466492],[11.630281,53.463916],[11.6415647,53.46248820000001],[11.617829,53.432334],[11.635850000000001,53.429442],[11.626854,53.41931],[11.62889,53.4104329],[11.640498,53.413435],[11.654476,53.398684],[11.667054000000002,53.394554],[11.68779,53.394139],[11.68055,53.391012],[11.6893964,53.3741198],[11.697139,53.370517],[11.699399,53.364723],[11.688154,53.349105],[11.6937159,53.34140060000001],[11.6942756,53.334295],[11.6849599,53.3342416],[11.6829323,53.3283363],[11.6405272,53.3278289],[11.6150494,53.3305502],[11.6108377,53.3345077],[11.611338,53.3439019],[11.6072323,53.34514],[11.597119,53.342048],[11.564764,53.3522023],[11.5163149,53.3597844],[11.5195869,53.36767410000001],[11.5015913,53.375956],[11.4962822,53.3822582],[11.5001386,53.3848701],[11.521934,53.3857581],[11.5375946,53.3933239],[11.5295682,53.3947974],[11.5326226,53.4005233],[11.5237679,53.4048019],[11.5366545,53.4094024],[11.531535600000002,53.4161242],[11.5383447,53.4167575],[11.5359694,53.4220027],[11.5265986,53.4256268],[11.5233139,53.435015],[11.5121914,53.4311965],[11.5090605,53.4324935]]]},"properties":{"plz":"19306","note":"19306 Neustadt-Glewe","qkm":128.32557,"einwohner":7512}},{"type":"Feature","geometry":{"type":"Polygon","coordinates":[[[11.2662278,53.12204880000001],[11.283199,53.1214611],[11.2904028,53.1169138],[11.3098911,53.1158844],[11.3238881,53.1193025],[11.3320639,53.1168493],[11.3302567,53.1152909],[11.3460175,53.1121639],[11.3640776,53.1154177],[11.375085,53.1121561],[11.3917344,53.1119463],[11.3937112,53.1098405],[11.4023177,53.11459],[11.392723,53.1279795],[11.392671000000002,53.1339826],[11.3954171,53.1401786],[11.4129188,53.1367978],[11.4214666,53.14104530000001],[11.4377122,53.1366894],[11.4598562,53.14024580000001],[11.4736404,53.13454],[11.473480500000003,53.1267773],[11.4841315,53.1291134],[11.5004543,53.1264991],[11.5025587,53.1210465],[11.5094481,53.1254459],[11.5346403,53.1252177],[11.5364255,53.1292676],[11.5486346,53.1307084],[11.5468299,53.13472010000001],[11.5558495,53.1387783],[11.5501748,53.1512588],[11.5566724,53.1504334],[11.557671200000001,53.15642750000001],[11.569237,53.1661033],[11.593003,53.1657308],[11.5916137,53.1673965],[11.6054072,53.173999200000004],[11.6103689,53.1736424],[11.6093765,53.16721810000001],[11.6228723,53.1591268],[11.6169183,53.1519267],[11.6074657,53.1491213],[11.5992293,53.1509661],[11.5919853,53.147931],[11.572932400000001,53.1316802],[11.5749171,53.1292391],[11.5836497,53.1251901],[11.5885121,53.1176269],[11.6059167,53.112433],[11.6114986,53.0985076],[11.6461063,53.0916549],[11.645238,53.0886751],[11.6550522,53.0835584],[11.6407748,53.0819946],[11.647633800000001,53.0715026],[11.659002,53.0746314],[11.6649719,53.079400500000006],[11.6844058,53.0779507],[11.685549,53.0736012],[11.6910277,53.0712721],[11.6925954,53.0727653],[11.7129514,53.0654761],[11.6995268,53.0585748],[11.7044637,53.056825],[11.7028573,53.0544166],[11.6966296,53.0581733],[11.6726784,53.0458311],[11.6578807,53.0478928],[11.656547,53.0427002],[11.6307622,53.0454111],[11.627368900000002,53.0416847],[11.5977828,53.0358094],[11.584716400000001,53.035511],[11.5667174,53.040451700000006],[11.5480878,53.0523954],[11.5239832,53.0467168],[11.5053603,53.0488046],[11.4778769,53.0649505],[11.4609766,53.0757746],[11.4463465,53.0784762],[11.4030603,53.0724857],[11.3833956,53.0643174],[11.3534099,53.0545667],[11.3383988,53.05526650000001],[11.3267524,53.0621937],[11.3127137,53.0758155],[11.2898194,53.0856894],[11.2710967,53.0989296],[11.2662278,53.12204880000001]]]},"properties":{"plz":"19309","note":"19309 Lenzen","qkm":197.555719,"einwohner":3684}},{"type":"Feature","geometry":{"type":"MultiPolygon","coordinates":[[[[11.8462163,52.9513204],[11.8559633,52.95499040000001],[11.8832182,52.9448806],[11.9147312,52.9292481],[11.9142396,52.9210627],[11.9300408,52.9134652],[11.9371538,52.9134039],[11.939999,52.9070307],[11.9349691,52.894772],[11.9257221,52.8955689],[11.9217708,52.8916775],[11.8937445,52.8945675],[11.8703649,52.9093322],[11.840888,52.9091386],[11.827191,52.9139175],[11.8237353,52.9225915],[11.8293164,52.9294587],[11.8467207,52.9400069],[11.8462163,52.9513204]]],[[[11.627368900000002,53.0416847],[11.6307622,53.0454111],[11.656547,53.0427002],[11.6578807,53.0478928],[11.6726784,53.0458311],[11.6966296,53.0581733],[11.7028573,53.0544166],[11.7044637,53.056825],[11.6995268,53.0585748],[11.7129514,53.0654761],[11.7242185,53.0639616],[11.7487942,53.0547479],[11.7614304,53.0649488],[11.7932274,53.0632652],[11.7973022,53.0412258],[11.8152282,53.0223995],[11.8492458,53.0183242],[11.8680748,53.00682830000001],[11.8705164,52.9991498],[11.863044,52.9855743],[11.8443875,52.9813654],[11.8354818,52.9751281],[11.8478513,52.9698757],[11.8316346,52.9571435],[11.788134100000002,52.9602078],[11.7615174,52.9824405],[11.740741,52.9882635],[11.728097,52.9871128],[11.7029117,52.9774854],[11.6920565,52.9791611],[11.6853829,52.9840635],[11.6841465,53.0003447],[11.6762964,53.0082209],[11.6670186,53.0094355],[11.6424521,53.0053821],[11.6270382,53.0119632],[11.6257984,53.0195836],[11.6420271,53.0346959],[11.6393055,53.0386762],[11.627368900000002,53.0416847]]]]},"properties":{"plz":"19322","note":"19322 Wittenberge, R\u00fchst\u00e4dt","qkm":141.384976,"einwohner":21671}},{"type":"Feature","geometry":{"type":"Polygon","coordinates":[[[11.8316346,52.9571435],[11.8478513,52.9698757],[11.8354818,52.9751281],[11.8443875,52.9813654],[11.863044,52.9855743],[11.8705164,52.9991498],[11.8680748,53.00682830000001],[11.8954269,53.00626690000001],[11.9351924,53.0089723],[12.0141443,53.0049066],[12.0361618,52.994548800000004],[12.0280991,52.9859621],[12.0330607,52.9789608],[11.9991043,52.9791475],[12.004221,52.9729855],[11.998484,52.96168610000001],[11.989336,52.9590709],[11.9956931,52.9473942],[12.0341849,52.9364853],[12.042192,52.9365679],[12.0469069,52.9190243],[12.0399158,52.9158382],[12.0405458,52.9081248],[12.0286302,52.9102349],[12.0262314,52.9079184],[12.0262416,52.9006637],[12.0314627,52.8980073],[12.0232674,52.8935607],[11.9999747,52.8937407],[11.9967179,52.88632440000001],[12.0066683,52.8849131],[12.004612,52.8817871],[11.9931856,52.8820585],[11.9875751,52.8768465],[11.9799081,52.8761124],[11.960867600000002,52.881315],[11.9597118,52.8788721],[11.9444513,52.8887013],[11.9217708,52.8916775],[11.9257221,52.8955689],[11.9349691,52.894772],[11.939999,52.9070307],[11.9371538,52.9134039],[11.9300408,52.9134652],[11.9142396,52.9210627],[11.9147312,52.9292481],[11.8832182,52.9448806],[11.8559633,52.95499040000001],[11.8462163,52.9513204],[11.8316346,52.9571435]]]},"properties":{"plz":"19336","note":"19336 Legde/Quitz\u00f6bel, Bad Wilsnack","qkm":122.823303,"einwohner":3310}},{"type":"Feature","geometry":{"type":"Polygon","coordinates":[[[11.9518266,53.0831845],[11.9678997,53.0829102],[11.9723,53.0751187],[11.982790600000001,53.0796896],[11.9984357,53.0800122],[12.0029592,53.0775913],[12.0470808,53.0816708],[12.0566296,53.07530140000001],[12.0491524,53.0658791],[12.0529264,53.0643127],[12.0543521,53.0512442],[12.0820609,53.0515009],[12.1144358,53.0443424],[12.1143161,53.0175374],[12.1076863,53.0147994],[12.0600133,53.0248412],[12.055985700000003,53.0242793],[12.054048,53.0116814],[12.056391,53.0086976],[12.0703077,53.0115825],[12.0905922,53.00143520000001],[12.0842522,52.9940525],[12.0869811,52.9931566],[12.0830222,52.9779326],[12.0865884,52.9697161],[12.1132574,52.96140460000001],[12.1174438,52.9448703],[12.151245200000002,52.9499154],[12.1557417,52.9529047],[12.1725468,52.9513423],[12.1788554,52.948626000000004],[12.1767604,52.9312416],[12.2055372,52.9295906],[12.210234,52.9207951],[12.207506,52.9147753],[12.1989689,52.9129982],[12.1895202,52.9020796],[12.1340971,52.89227950000001],[12.1313304,52.8894646],[12.1263241,52.8904269],[12.1287281,52.8935722],[12.1253108,52.8943563],[12.1127995,52.875821],[12.0821779,52.8770099],[12.076402200000002,52.8864148],[12.0664421,52.883811800000004],[12.0665046,52.8867447],[12.0558911,52.889048],[12.0486324,52.8862353],[12.0442381,52.8893008],[12.0287331,52.8880694],[12.021965,52.8903725],[12.0059488,52.8871819],[12.0066683,52.8849131],[11.9967179,52.88632440000001],[11.9999747,52.8937407],[12.0232674,52.8935607],[12.0314627,52.8980073],[12.0262416,52.9006637],[12.0262314,52.9079184],[12.0286302,52.9102349],[12.0405458,52.9081248],[12.0399158,52.9158382],[12.0469069,52.9190243],[12.042192,52.9365679],[12.0341849,52.9364853],[11.9956931,52.9473942],[11.989336,52.9590709],[11.998484,52.96168610000001],[12.004221,52.9729855],[11.9991043,52.9791475],[12.0330607,52.9789608],[12.0280991,52.9859621],[12.0361618,52.994548800000004],[12.0141443,53.0049066],[11.9351924,53.0089723],[11.8954269,53.00626690000001],[11.892600100000001,53.0333625],[11.8822605,53.0389594],[11.8916227,53.0387917],[11.8946243,53.0444663],[11.922038800000001,53.0498987],[11.9172203,53.05996300000001],[11.9448737,53.0698935],[11.9518266,53.0831845]]]},"properties":{"plz":"19339","note":"19339 Plattenburg","qkm":201.333452,"einwohner":3640}},{"type":"Feature","geometry":{"type":"MultiPolygon","coordinates":[[[[11.6925954,53.0727653],[11.6961101,53.0766949],[11.7081293,53.078702],[11.7247856,53.0895551],[11.7344599,53.0902765],[11.7327481,53.0957911],[11.7622994,53.1062969],[11.7802926,53.0980345],[11.7925409,53.1022596],[11.7996628,53.1223346],[11.825524,53.1379522],[11.8304073,53.1452131],[11.838977,53.1355453],[11.8459324,53.1452434],[11.8543591,53.1439174],[11.8719305,53.1396877],[11.8756667,53.132412],[11.8912477,53.1322233],[11.8895438,53.1365828],[11.8944274,53.1417017],[11.9174926,53.1394147],[11.9290374,53.1316902],[11.9432354,53.1312055],[11.9446188,53.1285913],[11.9309909,53.1247818],[11.9326499,53.1199846],[11.9277554,53.1139672],[11.9327499,53.1104967],[11.9373605,53.1124645],[11.9430283,53.11071890000001],[11.9387224,53.0929916],[11.9517895,53.0884127],[11.9518266,53.0831845],[11.9448737,53.0698935],[11.9172203,53.05996300000001],[11.922038800000001,53.0498987],[11.8946243,53.0444663],[11.8916227,53.0387917],[11.8822605,53.0389594],[11.892600100000001,53.0333625],[11.8954269,53.00626690000001],[11.8680748,53.00682830000001],[11.8492458,53.0183242],[11.8152282,53.0223995],[11.7973022,53.0412258],[11.7932274,53.0632652],[11.7614304,53.0649488],[11.7487942,53.0547479],[11.7242185,53.0639616],[11.7129514,53.0654761],[11.6925954,53.0727653]]],[[[11.8040287,53.2467311],[11.7959488,53.2533115],[11.7993198,53.2546062],[11.845622,53.251856],[11.861657,53.248446],[11.866022,53.255916],[11.889480000000002,53.268988],[11.892566,53.278955],[11.897653,53.278575],[11.918187,53.273499],[11.9123973,53.2710003],[11.9135994,53.261510400000006],[11.9412806,53.2521177],[11.9701106,53.2363154],[11.9703529,53.2276144],[11.955079,53.22457390000001],[11.9566467,53.2198873],[11.9899099,53.2075795],[11.9992999,53.2003699],[11.9877304,53.1977033],[11.968503900000002,53.18720600000001],[11.9443695,53.1900859],[11.946581,53.1828747],[11.942589,53.1790032],[11.937028,53.1798654],[11.930400400000002,53.1770878],[11.9215029,53.181682],[11.9145078,53.1819119],[11.9108331,53.1874302],[11.900841700000003,53.1878987],[11.8943161,53.170864],[11.8658219,53.158209],[11.8522236,53.1553415],[11.844097800000002,53.165421],[11.8448361,53.1727501],[11.8383595,53.1742991],[11.8417197,53.176296],[11.8319033,53.1886075],[11.836468,53.1906885],[11.8349795,53.1981199],[11.8419259,53.2082245],[11.8427197,53.220941],[11.8270408,53.2239116],[11.8252546,53.2183267],[11.8140412,53.2218916],[11.8095757,53.2193368],[11.7996524,53.2223075],[11.7956968,53.2264181],[11.8235815,53.2262113],[11.8317432,53.2298469],[11.8316112,53.23386800000001],[11.8173489,53.2450298],[11.8040287,53.2467311]]]]},"properties":{"plz":"19348","note":"19348 Perleberg, Berge u.a.","qkm":226.201277,"einwohner":14034}},{"type":"Feature","geometry":{"type":"Polygon","coordinates":[[[11.7678054,53.2750278],[11.7743575,53.2702711],[11.7746858,53.2647746],[11.7943791,53.2557431],[11.7920816,53.2518158],[11.7812502,53.2472989],[11.7979896,53.2431744],[11.8040287,53.2467311],[11.8173489,53.2450298],[11.8316112,53.23386800000001],[11.8317432,53.2298469],[11.8235815,53.2262113],[11.7956968,53.2264181],[11.7996524,53.2223075],[11.8095757,53.2193368],[11.8140412,53.2218916],[11.8252546,53.2183267],[11.8270408,53.2239116],[11.8427197,53.220941],[11.8419259,53.2082245],[11.8349795,53.1981199],[11.836468,53.1906885],[11.8319033,53.1886075],[11.8417197,53.176296],[11.8383595,53.1742991],[11.8448361,53.1727501],[11.844097800000002,53.165421],[11.8522236,53.1553415],[11.8543591,53.1439174],[11.8459324,53.1452434],[11.838977,53.1355453],[11.8304073,53.1452131],[11.825524,53.1379522],[11.7996628,53.1223346],[11.7925409,53.1022596],[11.7802926,53.0980345],[11.7622994,53.1062969],[11.7327481,53.0957911],[11.7344599,53.0902765],[11.7247856,53.0895551],[11.7081293,53.078702],[11.6961101,53.0766949],[11.6925954,53.0727653],[11.6910277,53.0712721],[11.685549,53.0736012],[11.6844058,53.0779507],[11.6649719,53.079400500000006],[11.659002,53.0746314],[11.647633800000001,53.0715026],[11.6407748,53.0819946],[11.6550522,53.0835584],[11.645238,53.0886751],[11.6461063,53.0916549],[11.6114986,53.0985076],[11.6059167,53.112433],[11.5885121,53.1176269],[11.5836497,53.1251901],[11.5749171,53.1292391],[11.572932400000001,53.1316802],[11.5919853,53.147931],[11.5992293,53.1509661],[11.6074657,53.1491213],[11.6169183,53.1519267],[11.6228723,53.1591268],[11.6093765,53.16721810000001],[11.6103689,53.1736424],[11.6054072,53.173999200000004],[11.5916137,53.1673965],[11.593003,53.1657308],[11.569237,53.1661033],[11.562241900000002,53.1759342],[11.567015,53.1824187],[11.5564636,53.1851268],[11.5591849,53.2022552],[11.5509481,53.2082295],[11.5632371,53.21294],[11.576497,53.2119062],[11.5866894,53.2146],[11.6047714,53.2279396],[11.6165363,53.2302648],[11.618961,53.236797700000004],[11.6290093,53.2419972],[11.6398577,53.2384917],[11.6587888,53.2402956],[11.6619372,53.2439882],[11.6908857,53.24151570000001],[11.6996074,53.24409140000001],[11.7084438,53.2374499],[11.7070834,53.2339706],[11.7147959,53.2319483],[11.7223909,53.2370452],[11.7244532,53.2448887],[11.735525,53.2498567],[11.7417563,53.2602089],[11.7678054,53.2750278]]]},"properties":{"plz":"19357","note":"19357 Karst\u00e4dt, Dambeck, Kl\u00fc\u00df","qkm":277.767011,"einwohner":6765}}],"name":"plz-5stellig-brandenburg"}